Id,Predicted
14061,0
16467,0
25725,0
9100,0
32597,0
12156,0
2908,0
38379,0
38263,0
22142,0
18682,0
30513,0
573,0
25191,0
13948,0
34343,0
21345,0
37655,0
6014,0
13765,0
3182,0
8361,0
25144,0
29199,0
18241,0
8098,0
24576,0
21636,0
26330,0
12803,0
12848,0
37276,0
29855,0
24145,0
16680,0
18307,0
32605,0
3611,0
29300,0
38283,0
20512,0
14651,0
23312,0
5253,0
28757,0
5897,0
22489,0
8114,0
22440,0
3100,0
27024,0
7777,0
14173,0
688,0
6275,0
39149,0
862,0
26366,0
38652,0
37203,0
16558,0
10343,0
2813,0
20745,0
18482,0
20604,0
14256,0
25083,0
37507,0
5016,0
1471,0
4232,0
13322,0
36953,0
12435,0
33090,0
16034,0
24410,0
4358,0
25274,0
14915,0
10348,0
24949,0
8973,0
29334,0
35718,0
27746,0
13715,0
24481,0
14381,0
12143,0
4525,0
21116,0
19947,0
9595,0
3203,0
960,0
11416,0
30305,0
16390,0
31219,0
15807,0
33847,0
18262,0
35862,0
35613,0
7639,0
35979,0
3861,0
24598,0
11087,0
9554,0
20281,0
29879,0
11309,0
17477,0
27015,0
10021,0
13587,0
21076,0
1773,0
21608,0
28803,0
28576,0
1023,0
4594,0
22069,0
19018,0
20855,0
19464,0
1363,0
20290,0
31307,0
38498,0
4810,0
4636,0
781,0
3392,0
20464,0
20096,0
27771,0
3374,0
19930,0
8866,0
21069,0
19627,0
29306,0
1605,0
32922,0
39085,0
14919,0
36805,0
13505,0
8669,0
31480,0
19198,0
28966,0
25040,0
27095,0
13621,0
27492,0
16875,0
26670,0
36878,0
19109,0
38005,0
11155,0
5621,0
21826,0
34333,0
2977,0
27396,0
19429,0
13238,0
9867,0
24555,0
4780,0
20624,0
35327,0
17918,0
18019,0
16770,0
5858,0
15115,0
12607,0
5034,0
2671,0
12963,0
17729,0
34153,0
10125,0
22671,0
23289,0
36630,0
35928,0
33477,0
13654,0
22488,0
14730,0
8864,0
21248,0
36042,0
19352,0
28028,0
18763,0
634,0
34624,0
17164,0
4576,0
33613,0
26243,0
30024,0
28722,0
21858,0
38646,0
2544,0
20270,0
350,0
36555,0
16113,0
17440,0
4319,0
25599,0
10391,0
34375,0
6254,0
5986,0
33649,0
13903,0
31379,0
28076,0
30070,0
8705,0
8031,0
34286,0
29592,0
30710,0
1998,0
13892,0
38630,0
38235,0
15315,0
15520,0
25808,0
6987,0
10161,0
6889,0
3796,0
817,0
28239,0
19301,0
38885,0
20774,0
23592,0
19746,0
3746,0
19337,0
12135,0
18449,0
2820,0
34961,0
6115,0
11742,0
22877,0
751,0
10397,0
3433,0
34505,0
10515,0
29783,0
6878,0
10533,0
13056,0
25816,0
13020,0
11287,0
10874,0
20204,0
10345,0
24910,0
10578,0
38177,0
29227,0
25250,0
22791,0
12730,0
37639,0
27683,0
8378,0
34057,0
30758,0
21719,0
7453,0
37248,0
29242,0
22501,0
35829,0
11016,0
8898,0
31930,0
11912,0
11109,0
12310,0
23150,0
32692,0
20735,0
37093,0
27070,0
30132,0
28702,0
27769,0
29715,0
32318,0
33102,0
18118,0
27903,0
19042,0
26080,0
11332,0
11849,0
1062,0
37709,0
8896,0
33014,0
34872,0
31220,0
36407,0
23697,0
20506,0
25423,0
11983,0
14466,0
12078,0
5387,0
29226,0
23370,0
33601,0
18194,0
9605,0
30238,0
18436,0
32440,0
3319,0
1032,0
36519,0
36915,0
24988,0
15551,0
3252,0
36680,0
28434,0
22251,0
8988,0
21317,0
7346,0
30852,0
23496,0
14307,0
9545,0
15267,0
26871,0
23575,0
31298,0
19735,0
3801,0
14159,0
1883,0
33746,0
10522,0
3306,0
38075,0
15305,0
36946,0
36742,0
17209,0
31192,0
15244,0
15201,0
35019,0
35478,0
21430,0
8534,0
23053,0
84,0
9973,0
24161,0
21815,0
11456,0
11055,0
16743,0
18991,0
10552,0
18239,0
15478,0
22964,0
11812,0
19268,0
27587,0
4197,0
29682,0
32446,0
4187,0
21975,0
7090,0
15523,0
2596,0
31497,0
31363,0
8859,0
25198,0
38469,0
28248,0
16756,0
605,0
11074,0
33229,0
10435,0
11249,0
13619,0
11508,0
12909,0
29216,0
10823,0
14764,0
5360,0
10739,0
35607,0
31044,0
33737,0
17957,0
29963,0
37775,0
21381,0
14722,0
11528,0
10967,0
8319,0
32700,0
35308,0
35484,0
2483,0
31820,0
25133,0
10728,0
30067,0
33487,0
23199,0
18326,0
28189,0
3106,0
22424,0
28288,0
10723,0
8358,0
8486,0
9837,0
2492,0
15643,0
6377,0
32294,0
19927,0
22387,0
35069,0
30130,0
9253,0
957,0
11443,0
6593,0
26112,0
17609,0
1576,0
21352,0
13853,0
16542,0
29532,0
32487,0
14434,0
20854,0
13817,0
18260,0
13590,0
5981,0
38979,0
9201,0
33851,0
28065,0
3001,0
10454,0
33043,0
34923,0
20994,0
22256,0
27066,0
33288,0
22158,0
18108,0
38969,0
29964,0
27264,0
16955,0
24615,0
6643,0
30346,0
12705,0
20830,0
38616,0
10949,0
18011,0
37918,0
32785,0
225,0
9041,0
28931,0
22893,0
19824,0
25407,0
19292,0
25503,0
24457,0
25830,0
2273,0
28216,0
22134,0
37508,0
32569,0
12794,0
24594,0
38687,0
12415,0
25433,0
27242,0
33426,0
11283,0
34870,0
28135,0
6352,0
37817,0
2529,0
26624,0
4516,0
36882,0
8411,0
13403,0
35104,0
24461,0
10628,0
34847,0
38234,0
15326,0
5483,0
9275,0
25151,0
31217,0
15542,0
16216,0
11354,0
22738,0
15684,0
27265,0
3165,0
12828,0
38292,0
33354,0
8386,0
35432,0
7543,0
22773,0
31355,0
27976,0
13070,0
22519,0
20805,0
9529,0
25155,0
35740,0
2167,0
37381,0
5214,0
38510,0
4622,0
26067,0
37717,0
29308,0
10894,0
31774,0
22902,0
22944,0
32662,0
20258,0
35673,0
9007,0
5056,0
1837,0
1030,0
10842,0
18540,0
34780,0
31492,0
10155,0
18362,0
18525,0
30012,0
17549,0
34869,0
17426,0
26807,0
31309,0
14312,0
22766,0
16446,0
21057,0
26789,0
10747,0
9052,0
12591,0
15661,0
11423,0
22459,0
23103,0
23112,0
35512,0
23122,0
20387,0
600,0
1818,0
21894,0
32843,0
22329,0
38956,0
11818,0
22263,0
15379,0
31457,0
21478,0
39075,0
21531,0
10129,0
16473,0
19951,0
5779,0
10646,0
30332,0
12971,0
9498,0
9086,0
38778,0
7798,0
19860,0
3391,0
34897,0
31837,0
4548,0
17137,0
21231,0
23782,0
3478,0
35709,0
23759,0
24833,0
665,0
9726,0
34936,0
35545,0
21580,0
12586,0
8160,0
18539,0
4040,0
29959,0
18871,0
10244,0
35897,0
16385,0
25119,0
25436,0
1465,0
17528,0
35081,0
27016,0
23435,0
1493,0
23442,0
10808,0
26631,0
19855,0
22596,0
34099,0
10772,0
3338,0
38006,0
3348,0
19501,0
29740,0
23515,0
37481,0
23516,0
7067,0
8737,0
10448,0
37283,0
38429,0
24629,0
15715,0
25059,0
10652,0
17756,0
31587,0
1674,0
25558,0
17605,0
9330,0
9057,0
26958,0
14340,0
12403,0
7815,0
32004,0
12283,0
24549,0
21532,0
14152,0
23619,0
23287,0
10815,0
11873,0
36118,0
30807,0
18953,0
12736,0
14036,0
2885,0
28158,0
23635,0
17485,0
5579,0
27385,0
2567,0
24918,0
35228,0
11649,0
22735,0
484,0
20951,0
3414,0
36167,0
1625,0
2750,0
3729,0
17982,0
17455,0
16075,0
29621,0
11797,0
27221,0
11262,0
24936,0
34536,0
15459,0
27603,0
7340,0
27057,0
33915,0
17494,0
29366,0
23818,0
11910,0
31477,0
30538,0
32772,0
31158,0
18389,0
24392,0
19353,0
29536,0
35482,0
9866,0
11131,0
26476,0
22505,0
23758,0
10210,0
27110,0
2262,0
13677,0
15832,0
2402,0
17483,0
2103,0
35367,0
37871,0
13248,0
21881,0
3809,0
4973,0
10231,0
37955,0
16630,0
25402,0
19755,0
5594,0
6822,0
24646,0
12926,0
13440,0
24948,0
24008,0
9042,0
8860,0
10106,0
20301,0
23152,0
22956,0
4882,0
1757,0
3930,0
31498,0
847,0
27096,0
20046,0
36543,0
29170,0
12067,0
11572,0
37329,0
35694,0
34908,0
36941,0
3972,0
28928,0
39153,0
8882,0
36816,0
1144,0
8890,0
29551,0
36130,0
22765,0
37649,0
13371,0
21803,0
7834,0
14071,0
22896,0
9627,0
20164,0
12837,0
35108,0
21682,0
20152,0
34954,0
4524,0
23615,0
31116,0
32396,0
21428,0
27114,0
7974,0
5784,0
28704,0
11637,0
9655,0
15342,0
38137,0
12093,0
719,0
30818,0
16331,0
4586,0
33683,0
39073,0
21503,0
11713,0
37189,0
1071,0
8577,0
23901,0
21432,0
6000,0
21494,0
13317,0
13325,0
25039,0
8211,0
7466,0
5876,0
19015,0
32249,0
11878,0
16900,0
37296,0
22205,0
19213,0
23301,0
31095,0
21258,0
18306,0
8178,0
28301,0
16705,0
2006,0
5819,0
27661,0
21124,0
5580,0
9781,0
15309,0
36420,0
21173,0
20470,0
8158,0
22222,0
3713,0
35966,0
35854,0
10110,0
35671,0
18238,0
12303,0
7845,0
1931,0
38812,0
11958,0
6719,0
7078,0
36688,0
34984,0
11981,0
6388,0
11437,0
31628,0
8831,0
11720,0
30418,0
5524,0
16707,0
13752,0
12085,0
32482,0
18752,0
12097,0
8109,0
1978,0
32148,0
17432,0
16565,0
15968,0
38782,0
9976,0
12171,0
17954,0
42,0
5727,0
26848,0
10277,0
18673,0
36128,0
27267,0
30653,0
39097,0
15208,0
6067,0
666,0
26468,0
35538,0
38521,0
14361,0
36879,0
31071,0
17497,0
24809,0
21137,0
27019,0
35905,0
8284,0
31631,0
34005,0
24009,0
14094,0
11915,0
19262,0
13059,0
1845,0
13011,0
20623,0
31876,0
35926,0
7992,0
20564,0
4002,0
25375,0
10847,0
16268,0
19836,0
12988,0
6414,0
19181,0
395,0
1976,0
16493,0
1065,0
2066,0
20441,0
4369,0
26622,0
285,0
25324,0
38973,0
8535,0
13364,0
16683,0
8357,0
19409,0
11072,0
20739,0
12550,0
19862,0
26903,0
25984,0
20066,0
13838,0
33590,0
4929,0
9295,0
12771,0
4784,0
33741,0
33361,0
15838,0
12354,0
35641,0
693,0
1962,0
4472,0
28262,0
27636,0
20134,0
2187,0
10526,0
18150,0
32475,0
26523,0
19763,0
19096,0
7984,0
7548,0
23311,0
4071,0
13213,0
32740,0
18720,0
8106,0
13990,0
38210,0
5172,0
13207,0
19900,0
14029,0
2900,0
19873,0
24548,0
28625,0
26347,0
31760,0
11971,0
38018,0
22779,0
12940,0
19765,0
4404,0
3974,0
38156,0
5534,0
34829,0
17512,0
36070,0
20135,0
26232,0
31729,0
22837,0
12819,0
13641,0
31108,0
19577,0
16137,0
7779,0
19095,0
13827,0
12631,0
5298,0
7813,0
3209,0
38390,0
32800,0
12913,0
18232,0
8570,0
16032,0
5175,0
35575,0
6478,0
37185,0
14339,0
35919,0
6561,0
2773,0
37904,0
2412,0
23495,0
21890,0
30834,0
5412,0
29645,0
8897,0
21630,0
19373,0
30203,0
2713,0
17714,0
37935,0
17093,0
9386,0
7706,0
5399,0
31780,0
13132,0
13851,0
29412,0
4736,0
5427,0
6358,0
16506,0
13149,0
1794,0
6708,0
30408,0
19154,0
32509,0
13179,0
20216,0
35301,0
13485,0
14366,0
8545,0
7916,0
7396,0
25747,0
10442,0
5492,0
30309,0
16656,0
19030,0
39311,0
26062,0
21035,0
32117,0
503,0
15014,0
21916,0
13267,0
11779,0
18937,0
22133,0
26875,0
8141,0
6637,0
20983,0
33702,0
35537,0
21762,0
22340,0
6109,0
6479,0
9269,0
15179,0
30809,0
24384,0
32621,0
27159,0
1604,0
6500,0
7734,0
32353,0
1894,0
5026,0
12479,0
21799,0
18681,0
18693,0
31629,0
6817,0
20977,0
30322,0
9963,0
23228,0
2121,0
13530,0
12887,0
7566,0
12291,0
29513,0
32208,0
7556,0
13463,0
3079,0
19093,0
18644,0
12717,0
27732,0
32043,0
38240,0
36763,0
33431,0
14378,0
24439,0
6947,0
5382,0
26332,0
3694,0
11519,0
33299,0
36936,0
26550,0
13646,0
35075,0
13835,0
17591,0
17123,0
36460,0
13117,0
17994,0
30100,0
15106,0
12203,0
7742,0
6216,0
18155,0
17571,0
18519,0
10829,0
11469,0
2269,0
18083,0
5259,0
9011,0
20749,0
11419,0
9338,0
9533,0
18174,0
35260,0
2508,0
17278,0
22460,0
11811,0
5392,0
30196,0
20578,0
14610,0
28508,0
27929,0
35987,0
10794,0
18512,0
17926,0
36398,0
18050,0
231,0
12840,0
13687,0
1332,0
36627,0
17866,0
17859,0
31632,0
27115,0
13854,0
36165,0
6379,0
7410,0
34748,0
35153,0
16902,0
35678,0
18487,0
81,0
2770,0
15143,0
17940,0
2584,0
18268,0
11791,0
17007,0
17693,0
21134,0
19806,0
3911,0
35063,0
25370,0
13198,0
17600,0
6070,0
19110,0
26695,0
8014,0
34101,0
24995,0
34195,0
6093,0
24394,0
6816,0
11366,0
14640,0
6182,0
25568,0
6187,0
17491,0
36401,0
7311,0
25271,0
17472,0
11889,0
33490,0
36306,0
6369,0
14552,0
14208,0
19564,0
6579,0
20284,0
1515,0
4519,0
6114,0
27997,0
14642,0
2193,0
9752,0
14875,0
17773,0
34348,0
470,0
28708,0
6217,0
23754,0
35553,0
7138,0
736,0
17793,0
18971,0
31184,0
25883,0
17169,0
5810,0
15703,0
1450,0
7250,0
27273,0
12577,0
1688,0
19257,0
7195,0
6256,0
2955,0
20688,0
7216,0
13843,0
14389,0
37614,0
33081,0
1092,0
2835,0
11134,0
17004,0
4462,0
37363,0
17963,0
27064,0
29658,0
18568,0
34560,0
4032,0
25726,0
10455,0
34317,0
20541,0
36622,0
16912,0
15,0
14453,0
29707,0
27188,0
18790,0
35268,0
8742,0
39272,0
2344,0
34746,0
34527,0
6354,0
25248,0
30344,0
21477,0
2970,0
4308,0
17704,0
12712,0
18703,0
27093,0
32432,0
8051,0
13471,0
16720,0
36532,0
35668,0
24463,0
12750,0
2185,0
28003,0
16033,0
23096,0
31944,0
31665,0
21265,0
1784,0
25152,0
11955,0
21384,0
25783,0
38544,0
16550,0
10870,0
20577,0
28267,0
32347,0
8881,0
16986,0
16516,0
27400,0
20562,0
16507,0
16497,0
31314,0
1871,0
16440,0
30824,0
29460,0
18051,0
35629,0
1684,0
19291,0
17189,0
7246,0
26361,0
16572,0
15323,0
31048,0
7080,0
18544,0
5127,0
7124,0
15673,0
14491,0
30574,0
1915,0
8457,0
38105,0
32723,0
29747,0
36834,0
22752,0
38594,0
24498,0
10742,0
17495,0
6583,0
18916,0
14992,0
7112,0
11350,0
26690,0
15152,0
16161,0
16106,0
20065,0
11442,0
5203,0
25317,0
3402,0
37867,0
6646,0
16004,0
27348,0
2054,0
22500,0
34660,0
26429,0
15202,0
14938,0
28334,0
35361,0
15820,0
13900,0
36069,0
16263,0
23833,0
37175,0
22824,0
5895,0
27429,0
11238,0
15740,0
17227,0
37852,0
19481,0
25801,0
31496,0
782,0
38774,0
4960,0
15269,0
23197,0
2787,0
34160,0
26485,0
26869,0
30032,0
20931,0
6919,0
15084,0
23168,0
13808,0
36709,0
1509,0
30496,0
34222,0
15587,0
30123,0
8825,0
23992,0
14575,0
27604,0
37551,0
3661,0
38952,0
32180,0
3093,0
22111,0
26901,0
33080,0
15442,0
519,0
25358,0
27294,0
15451,0
1223,0
36005,0
37590,0
1483,0
11734,0
20584,0
23308,0
30528,0
15389,0
8628,0
14833,0
13340,0
36159,0
34426,0
33981,0
28052,0
28356,0
1445,0
22436,0
13269,0
26085,0
8544,0
26258,0
33329,0
23629,0
39264,0
38017,0
32806,0
34185,0
36313,0
24125,0
38762,0
4086,0
27243,0
27547,0
30103,0
37368,0
9928,0
29625,0
8536,0
20724,0
26058,0
9221,0
28633,0
15594,0
11551,0
25797,0
34956,0
33553,0
3266,0
29175,0
15615,0
29901,0
8967,0
1653,0
30222,0
34501,0
26326,0
5362,0
2586,0
35576,0
24070,0
22377,0
18063,0
20762,0
39151,0
12344,0
944,0
22646,0
15055,0
22316,0
26633,0
34357,0
8168,0
8575,0
29161,0
39051,0
10441,0
30372,0
33324,0
18283,0
31348,0
7325,0
13377,0
845,0
6536,0
20582,0
31005,0
33306,0
8081,0
25474,0
28361,0
19260,0
22276,0
2693,0
15076,0
34338,0
34107,0
34974,0
3676,0
28955,0
28930,0
25891,0
2704,0
908,0
18613,0
34714,0
18879,0
38352,0
9319,0
5830,0
10463,0
25067,0
28577,0
1812,0
38151,0
10862,0
38064,0
35105,0
1150,0
17322,0
19705,0
34567,0
16879,0
12614,0
588,0
1132,0
28893,0
30391,0
38993,0
30716,0
1117,0
37000,0
30767,0
2063,0
30597,0
35996,0
17393,0
3278,0
19827,0
11407,0
9388,0
25555,0
7312,0
6261,0
38600,0
16361,0
26746,0
21038,0
24638,0
19162,0
1076,0
23877,0
30840,0
3650,0
20002,0
6964,0
30146,0
18650,0
25255,0
1070,0
30887,0
1049,0
23667,0
16085,0
24026,0
6943,0
35921,0
1919,0
23399,0
28630,0
30625,0
23652,0
3078,0
384,0
3150,0
2609,0
20105,0
30984,0
9165,0
30731,0
31028,0
10833,0
17922,0
15667,0
7980,0
30331,0
15918,0
16357,0
7116,0
7239,0
28169,0
9779,0
6789,0
31053,0
29280,0
37254,0
25126,0
11079,0
21660,0
4087,0
31123,0
17364,0
4234,0
2001,0
18426,0
28409,0
9758,0
39042,0
950,0
39157,0
935,0
32975,0
19614,0
5090,0
22834,0
763,0
18751,0
14490,0
16594,0
12160,0
1388,0
6374,0
22257,0
31237,0
33199,0
6594,0
28402,0
30971,0
3375,0
1324,0
31510,0
35155,0
19938,0
38612,0
6630,0
15236,0
1765,0
11253,0
5902,0
11473,0
34640,0
12228,0
176,0
37467,0
6168,0
31362,0
26894,0
31368,0
28068,0
6323,0
36208,0
28043,0
2661,0
4414,0
12438,0
23960,0
12027,0
14526,0
35565,0
2151,0
32209,0
5216,0
31745,0
31817,0
29395,0
7881,0
14060,0
773,0
10778,0
36034,0
38980,0
23094,0
31489,0
759,0
27895,0
15409,0
5511,0
36793,0
6342,0
21282,0
31740,0
14866,0
6177,0
2222,0
8020,0
29439,0
6268,0
5693,0
7062,0
33537,0
25086,0
28836,0
17655,0
20965,0
855,0
24786,0
30958,0
20300,0
3352,0
25417,0
6143,0
11657,0
34997,0
5742,0
4476,0
31354,0
1468,0
20814,0
18987,0
26114,0
4682,0
3170,0
35385,0
28232,0
6467,0
15546,0
15781,0
7962,0
31957,0
27471,0
21180,0
19952,0
17784,0
24458,0
4211,0
2431,0
32045,0
35988,0
38305,0
36607,0
38949,0
29177,0
34627,0
14297,0
37129,0
10141,0
2130,0
2937,0
29422,0
14563,0
32146,0
6442,0
27611,0
2278,0
32550,0
12689,0
31782,0
8493,0
25913,0
811,0
15042,0
33674,0
6298,0
27874,0
3761,0
4479,0
32293,0
18695,0
29431,0
7844,0
37498,0
27166,0
14547,0
7014,0
26685,0
22354,0
29111,0
8012,0
5537,0
29892,0
22938,0
15240,0
26568,0
2258,0
31483,0
26788,0
26507,0
32437,0
5807,0
36643,0
27012,0
8103,0
33819,0
9607,0
14513,0
21908,0
6244,0
39265,0
15482,0
2791,0
4458,0
31566,0
36735,0
17179,0
38608,0
6046,0
6800,0
9018,0
11549,0
13200,0
9923,0
613,0
37874,0
16442,0
38901,0
393,0
8377,0
31601,0
18359,0
8691,0
25686,0
5007,0
4104,0
31494,0
34141,0
13331,0
32684,0
26759,0
29617,0
1500,0
12938,0
1793,0
25234,0
15350,0
5117,0
26671,0
38183,0
1495,0
10566,0
2829,0
16790,0
21713,0
38154,0
19886,0
2629,0
7407,0
7172,0
3956,0
14059,0
32872,0
16058,0
6235,0
265,0
6164,0
4703,0
2679,0
15186,0
15184,0
33908,0
28815,0
25825,0
26816,0
36277,0
25730,0
26449,0
25053,0
23969,0
2868,0
31226,0
9531,0
32055,0
23898,0
22686,0
26386,0
35803,0
26379,0
35345,0
35384,0
6589,0
24553,0
38881,0
24609,0
17594,0
38495,0
27420,0
10855,0
31008,0
25527,0
483,0
36053,0
22532,0
23617,0
2449,0
26651,0
32674,0
19657,0
27303,0
33157,0
11196,0
2088,0
33294,0
2071,0
18276,0
3296,0
11208,0
27030,0
26137,0
33171,0
30147,0
2870,0
29780,0
23583,0
28441,0
38315,0
22002,0
38887,0
9022,0
5413,0
33271,0
10467,0
22328,0
36756,0
16867,0
26170,0
23058,0
3273,0
23618,0
7225,0
6914,0
17582,0
7696,0
26229,0
28218,0
11068,0
14149,0
22566,0
6332,0
8501,0
6885,0
1694,0
18881,0
1053,0
34412,0
15622,0
14145,0
33582,0
20501,0
8138,0
26145,0
25680,0
15366,0
28919,0
25661,0
28343,0
12464,0
22844,0
36288,0
18263,0
4364,0
1524,0
36821,0
17508,0
38125,0
13366,0
21104,0
9798,0
4765,0
30047,0
2079,0
31992,0
38648,0
33045,0
30351,0
39273,0
35662,0
28532,0
14543,0
36063,0
36767,0
37651,0
15181,0
9650,0
35997,0
27906,0
17814,0
19505,0
5046,0
1334,0
36014,0
1016,0
23377,0
32641,0
1027,0
24424,0
16517,0
12251,0
30704,0
5523,0
20933,0
19818,0
32631,0
22114,0
12382,0
36952,0
27548,0
11625,0
5592,0
2807,0
17054,0
36600,0
34623,0
33656,0
12724,0
21802,0
7233,0
28538,0
20897,0
1157,0
32664,0
13998,0
35714,0
16871,0
34194,0
20981,0
33245,0
15720,0
13352,0
26063,0
7446,0
358,0
29146,0
840,0
12288,0
25498,0
37027,0
9213,0
23809,0
32164,0
32031,0
28131,0
37051,0
19315,0
18208,0
15747,0
27927,0
21506,0
34093,0
14371,0
12713,0
14713,0
24244,0
15420,0
21623,0
6415,0
9609,0
6925,0
28568,0
5246,0
24241,0
16109,0
22691,0
7343,0
19596,0
12035,0
19271,0
30965,0
7755,0
16103,0
21993,0
8949,0
6756,0
5278,0
14066,0
12595,0
27374,0
25393,0
31335,0
22278,0
13847,0
4281,0
38444,0
7658,0
25586,0
18978,0
8136,0
26336,0
2587,0
30057,0
34781,0
18597,0
26149,0
34359,0
34045,0
27034,0
28641,0
33123,0
39,0
7940,0
35792,0
7033,0
11244,0
27425,0
33869,0
16356,0
17076,0
21673,0
16125,0
29325,0
33569,0
24941,0
27763,0
30720,0
28298,0
16499,0
34198,0
24729,0
34439,0
975,0
21629,0
15046,0
3883,0
8167,0
14398,0
39156,0
9272,0
7668,0
3510,0
32555,0
38473,0
11510,0
24403,0
39087,0
20488,0
15092,0
31913,0
36513,0
10785,0
31759,0
12515,0
21446,0
5422,0
28899,0
36330,0
7661,0
24945,0
2156,0
16445,0
19480,0
17270,0
7337,0
23291,0
4943,0
27280,0
4527,0
2261,0
23453,0
9192,0
15298,0
38485,0
4440,0
33196,0
15088,0
27419,0
4654,0
10165,0
37827,0
8895,0
14619,0
23281,0
28769,0
30158,0
5982,0
1746,0
9770,0
11819,0
36271,0
30085,0
36354,0
25660,0
28852,0
4148,0
11764,0
3039,0
25013,0
6998,0
12098,0
21183,0
27581,0
11327,0
35908,0
22993,0
30588,0
5258,0
12526,0
8364,0
1401,0
34293,0
28772,0
23776,0
4322,0
36780,0
15102,0
2423,0
8481,0
9556,0
15780,0
8376,0
19037,0
38012,0
6828,0
35725,0
7680,0
20973,0
20893,0
3455,0
35364,0
39245,0
33787,0
7467,0
12723,0
10137,0
22760,0
21221,0
11571,0
33475,0
34020,0
1550,0
27138,0
22759,0
12915,0
9617,0
21754,0
29743,0
6199,0
9843,0
26050,0
37873,0
38248,0
37187,0
13831,0
7217,0
2603,0
26387,0
22763,0
12824,0
22274,0
15963,0
10350,0
16990,0
18141,0
5199,0
10724,0
14189,0
31267,0
21427,0
34849,0
34051,0
596,0
10439,0
5148,0
6849,0
31773,0
37477,0
16290,0
33635,0
31718,0
25262,0
29238,0
1503,0
8446,0
36533,0
6076,0
21346,0
18531,0
15028,0
34260,0
37800,0
595,0
1544,0
10991,0
11187,0
16798,0
18875,0
5160,0
37420,0
8722,0
14177,0
19997,0
10382,0
11346,0
6385,0
20206,0
20831,0
4244,0
33579,0
1647,0
3710,0
15476,0
36397,0
6224,0
24183,0
77,0
25204,0
23962,0
32782,0
16295,0
12010,0
10602,0
948,0
9361,0
30040,0
1399,0
13739,0
9320,0
18461,0
37506,0
14535,0
22553,0
26207,0
19706,0
17839,0
6328,0
9577,0
8877,0
17079,0
7336,0
22454,0
23997,0
38332,0
4042,0
34544,0
19809,0
15162,0
3413,0
11293,0
20882,0
13664,0
15116,0
16706,0
27615,0
471,0
836,0
33175,0
7155,0
664,0
21284,0
30849,0
2271,0
27872,0
22145,0
1390,0
16023,0
25273,0
34299,0
23964,0
19430,0
38698,0
20003,0
4025,0
35383,0
29089,0
24146,0
11411,0
25043,0
35807,0
15548,0
22822,0
6865,0
447,0
29240,0
27237,0
31636,0
34062,0
1557,0
10611,0
26202,0
15266,0
3579,0
12238,0
9622,0
15198,0
8225,0
5851,0
11768,0
4257,0
8110,0
26687,0
22706,0
30426,0
26636,0
12162,0
6430,0
4139,0
36950,0
6651,0
35850,0
36862,0
26124,0
13214,0
2069,0
337,0
3397,0
39251,0
468,0
3730,0
37095,0
36776,0
3332,0
33523,0
32963,0
38279,0
30733,0
7089,0
5393,0
16022,0
36705,0
1139,0
7420,0
8187,0
26042,0
1366,0
13224,0
14436,0
36591,0
38111,0
19424,0
14135,0
27827,0
17998,0
11795,0
12376,0
32165,0
22927,0
13640,0
14356,0
2477,0
22085,0
15549,0
13401,0
13987,0
27135,0
28308,0
13941,0
12587,0
6156,0
21085,0
36379,0
37676,0
29436,0
2982,0
19924,0
13696,0
23719,0
7515,0
23806,0
1867,0
34481,0
8778,0
1911,0
29112,0
11098,0
12696,0
10889,0
20330,0
36623,0
31854,0
38349,0
13176,0
24884,0
37522,0
38093,0
20479,0
3401,0
16133,0
12984,0
1441,0
2061,0
7317,0
20943,0
27631,0
5405,0
16907,0
19322,0
1026,0
32828,0
25177,0
3566,0
26203,0
8032,0
28800,0
10601,0
38645,0
9145,0
12126,0
19782,0
39250,0
15801,0
20197,0
26620,0
34515,0
1225,0
29021,0
31461,0
19790,0
5208,0
643,0
28974,0
15732,0
26365,0
29799,0
18944,0
22709,0
1297,0
7268,0
33614,0
10041,0
37070,0
22071,0
24692,0
27038,0
17046,0
31463,0
8819,0
1872,0
31644,0
8399,0
31172,0
20430,0
993,0
1989,0
35934,0
31722,0
13545,0
192,0
39244,0
34437,0
26874,0
9107,0
31588,0
20790,0
30714,0
29079,0
7416,0
6278,0
5520,0
4575,0
3356,0
16322,0
21086,0
27775,0
22600,0
11954,0
6934,0
26154,0
17316,0
23582,0
26910,0
2656,0
35884,0
34136,0
19199,0
2448,0
21488,0
21356,0
2250,0
17172,0
25975,0
22835,0
7837,0
23811,0
17908,0
27870,0
11023,0
3238,0
16511,0
7150,0
1175,0
3313,0
33187,0
34878,0
27249,0
7294,0
32995,0
17831,0
32095,0
26573,0
5959,0
12350,0
6112,0
4432,0
36784,0
21027,0
26111,0
6389,0
10411,0
12642,0
21034,0
33875,0
20191,0
23926,0
35428,0
29552,0
22183,0
1739,0
20018,0
4225,0
25873,0
9706,0
28750,0
17874,0
9618,0
36741,0
14721,0
25735,0
23718,0
36340,0
15668,0
24479,0
8912,0
29025,0
29761,0
23309,0
13441,0
21582,0
28228,0
35457,0
6263,0
3250,0
23631,0
6893,0
21098,0
38662,0
31208,0
34507,0
9971,0
2053,0
2935,0
7022,0
2565,0
18037,0
35235,0
25116,0
25744,0
37796,0
38860,0
2897,0
28201,0
33244,0
610,0
29447,0
16559,0
28432,0
25684,0
26173,0
22542,0
1246,0
18425,0
16772,0
8892,0
31365,0
37441,0
37141,0
19077,0
11015,0
18244,0
24696,0
21782,0
39071,0
10592,0
8990,0
8520,0
17785,0
30943,0
2996,0
25368,0
28418,0
34420,0
25507,0
18421,0
5449,0
12321,0
12295,0
4176,0
19524,0
25609,0
26709,0
3795,0
20276,0
30405,0
8867,0
349,0
36349,0
34832,0
29631,0
7141,0
14671,0
25500,0
27797,0
31162,0
27000,0
11857,0
29820,0
35506,0
21553,0
27275,0
20148,0
3752,0
13926,0
36743,0
28064,0
29943,0
30970,0
11875,0
14616,0
26345,0
19858,0
6581,0
15738,0
36681,0
33606,0
36214,0
9259,0
11996,0
16483,0
4692,0
12036,0
10897,0
30967,0
37486,0
9466,0
5828,0
474,0
4617,0
12099,0
4159,0
26255,0
32870,0
39227,0
12816,0
23990,0
34238,0
23848,0
1703,0
20600,0
32406,0
35564,0
12620,0
20788,0
20812,0
12242,0
501,0
38918,0
10759,0
16286,0
35486,0
38851,0
15155,0
15390,0
23778,0
19542,0
32611,0
35353,0
35846,0
38549,0
38683,0
25978,0
18826,0
22821,0
34723,0
23484,0
2755,0
20836,0
10542,0
3070,0
5461,0
23554,0
7259,0
11355,0
23999,0
22931,0
37792,0
28572,0
30066,0
8514,0
39089,0
9859,0
23247,0
6729,0
2578,0
25240,0
7775,0
9741,0
18538,0
2014,0
28344,0
7906,0
38573,0
11539,0
26181,0
14525,0
31207,0
19422,0
23879,0
35271,0
34207,0
26656,0
37927,0
26960,0
7656,0
17830,0
10892,0
23421,0
14779,0
38739,0
26515,0
32211,0
25111,0
37723,0
18045,0
34833,0
24291,0
20641,0
27337,0
32813,0
6043,0
1607,0
21433,0
37159,0
30393,0
25497,0
39000,0
2116,0
24272,0
37037,0
24482,0
24284,0
10557,0
32086,0
25277,0
7400,0
33197,0
12432,0
26252,0
14769,0
28818,0
33060,0
23822,0
36645,0
38134,0
24412,0
38771,0
28595,0
13252,0
24526,0
10338,0
2146,0
32072,0
13620,0
12570,0
29140,0
18667,0
4786,0
11836,0
933,0
7760,0
33252,0
37941,0
33342,0
16094,0
2078,0
38176,0
20653,0
9079,0
28464,0
13722,0
8607,0
21931,0
34873,0
11116,0
7967,0
30870,0
14290,0
28129,0
23864,0
4420,0
7761,0
35670,0
13290,0
31697,0
33870,0
27462,0
4083,0
18566,0
1083,0
34791,0
450,0
22661,0
16110,0
2132,0
4761,0
32213,0
8154,0
13520,0
21455,0
38895,0
20499,0
8656,0
637,0
15124,0
21082,0
14994,0
38656,0
10474,0
9667,0
11775,0
6269,0
31622,0
16184,0
13731,0
20974,0
37030,0
30805,0
6172,0
8204,0
31610,0
10732,0
29458,0
21142,0
19570,0
628,0
11635,0
38994,0
21066,0
18648,0
5455,0
35631,0
31679,0
602,0
23460,0
15836,0
12523,0
8674,0
23338,0
10122,0
36908,0
25045,0
5176,0
1577,0
9733,0
26289,0
14277,0
36940,0
38184,0
37519,0
2002,0
17500,0
9170,0
3200,0
32383,0
35691,0
9949,0
30395,0
31091,0
32598,0
36241,0
20347,0
22978,0
12155,0
14681,0
36180,0
10725,0
24249,0
18097,0
34608,0
8203,0
27849,0
36011,0
13391,0
5165,0
36025,0
33391,0
25257,0
32867,0
38733,0
30199,0
15818,0
26405,0
31273,0
24375,0
28511,0
33548,0
25023,0
2533,0
18731,0
34658,0
19133,0
5250,0
22325,0
16825,0
12237,0
27933,0
28266,0
10006,0
16191,0
30663,0
22280,0
8150,0
22742,0
15467,0
33191,0
8872,0
18787,0
110,0
15837,0
16134,0
19608,0
33143,0
26835,0
33789,0
22937,0
29384,0
11078,0
35016,0
9455,0
36002,0
14423,0
39114,0
20220,0
39237,0
7550,0
26529,0
19532,0
20198,0
913,0
270,0
25225,0
37098,0
8585,0
30261,0
10554,0
31187,0
15835,0
28948,0
16366,0
30311,0
5385,0
10189,0
9652,0
2434,0
35161,0
11663,0
13947,0
1180,0
16462,0
25115,0
18980,0
25385,0
12369,0
165,0
17863,0
20646,0
30389,0
15913,0
16806,0
6420,0
23878,0
37588,0
13302,0
36462,0
19350,0
6897,0
4321,0
27744,0
29482,0
35470,0
1048,0
23694,0
25673,0
3085,0
27701,0
942,0
15192,0
25724,0
39256,0
11766,0
11567,0
30334,0
24166,0
17752,0
6240,0
504,0
23565,0
28971,0
28908,0
7455,0
14204,0
15005,0
8637,0
33192,0
37726,0
1527,0
12937,0
31531,0
31878,0
29988,0
5833,0
24452,0
4939,0
11364,0
18654,0
25968,0
31692,0
38038,0
4727,0
35152,0
23144,0
35980,0
7767,0
33520,0
8484,0
23593,0
19335,0
33907,0
11568,0
10059,0
14424,0
4430,0
19190,0
21017,0
4347,0
19680,0
7877,0
24235,0
17214,0
29518,0
4905,0
28242,0
20443,0
14130,0
2328,0
31404,0
21490,0
27026,0
38692,0
700,0
5825,0
32120,0
37422,0
20840,0
915,0
9594,0
24741,0
25896,0
17358,0
39225,0
4886,0
22648,0
16953,0
34410,0
8107,0
21090,0
30054,0
34855,0
21244,0
3908,0
3426,0
35752,0
11161,0
34978,0
11106,0
7800,0
36304,0
1176,0
35734,0
8126,0
5166,0
3243,0
22407,0
34903,0
9638,0
6504,0
11671,0
27854,0
3739,0
4105,0
7552,0
1436,0
15038,0
33975,0
36981,0
34211,0
2881,0
2831,0
32501,0
15610,0
11919,0
8601,0
35895,0
32173,0
33667,0
21642,0
2117,0
7521,0
16425,0
27185,0
23026,0
32688,0
38928,0
10721,0
18625,0
15487,0
4171,0
3894,0
18735,0
24454,0
36734,0
37765,0
34268,0
5009,0
13380,0
8188,0
30417,0
15066,0
5951,0
6686,0
7326,0
6627,0
30364,0
7075,0
28988,0
14217,0
18084,0
6122,0
5509,0
8916,0
659,0
5508,0
18008,0
26531,0
37850,0
16732,0
15575,0
22172,0
24855,0
29771,0
28934,0
25140,0
5249,0
7846,0
18355,0
15619,0
29553,0
11258,0
1422,0
5593,0
11224,0
1573,0
39226,0
92,0
30447,0
661,0
11780,0
16603,0
37566,0
27189,0
1185,0
2934,0
3335,0
20516,0
10720,0
6343,0
33748,0
6025,0
2259,0
5276,0
5092,0
24975,0
13865,0
6273,0
1090,0
3655,0
14270,0
23903,0
29758,0
17190,0
4241,0
20303,0
12082,0
33707,0
20440,0
32093,0
8059,0
27117,0
11323,0
3732,0
11793,0
3211,0
2922,0
20875,0
16587,0
18514,0
15310,0
24053,0
3462,0
24253,0
11280,0
25188,0
34540,0
29342,0
16074,0
14667,0
33495,0
15043,0
32256,0
27972,0
31965,0
3033,0
7288,0
11715,0
6154,0
10050,0
24886,0
21893,0
23568,0
35148,0
14259,0
22744,0
25828,0
4355,0
14755,0
1805,0
15721,0
15426,0
15387,0
22006,0
11847,0
9357,0
38088,0
8398,0
22554,0
34970,0
23077,0
2783,0
16376,0
12007,0
28358,0
29676,0
34018,0
18857,0
31433,0
27072,0
4915,0
6829,0
2799,0
12395,0
3784,0
16389,0
1901,0
22433,0
25320,0
37497,0
29589,0
24276,0
17382,0
23458,0
14034,0
15986,0
13697,0
32538,0
14320,0
22689,0
17283,0
12034,0
34707,0
12700,0
38252,0
14886,0
38110,0
30766,0
28627,0
2439,0
11113,0
5073,0
2504,0
33439,0
4442,0
38927,0
3429,0
16812,0
19286,0
10459,0
1209,0
28878,0
6946,0
17461,0
3147,0
12204,0
12957,0
36914,0
18394,0
17779,0
18628,0
5201,0
35187,0
31174,0
2976,0
8587,0
10327,0
17405,0
20631,0
31093,0
27696,0
33652,0
17151,0
13158,0
2155,0
29393,0
25685,0
22610,0
12328,0
34813,0
23727,0
14597,0
35938,0
9864,0
25109,0
19600,0
30198,0
6884,0
13779,0
5673,0
4741,0
970,0
35989,0
2745,0
1165,0
37264,0
20080,0
21944,0
36676,0
13558,0
19616,0
3247,0
8464,0
23676,0
10123,0
7307,0
33369,0
32633,0
38280,0
23472,0
29816,0
541,0
13225,0
36178,0
33132,0
37767,0
30144,0
31617,0
20722,0
28695,0
32899,0
23897,0
1750,0
4772,0
22384,0
36051,0
29544,0
31605,0
27217,0
29576,0
12297,0
29791,0
35813,0
20751,0
7591,0
8784,0
32280,0
31838,0
14558,0
26563,0
29852,0
12006,0
10299,0
15821,0
17108,0
24899,0
30361,0
8445,0
30078,0
2673,0
33006,0
30565,0
24953,0
31234,0
37946,0
36744,0
18294,0
37885,0
2443,0
15602,0
35122,0
39026,0
20289,0
20635,0
21133,0
2846,0
1215,0
31471,0
32326,0
8755,0
12110,0
18777,0
32455,0
37350,0
28415,0
29181,0
20076,0
25990,0
39207,0
19664,0
14079,0
19610,0
17554,0
23819,0
36785,0
18882,0
1122,0
36148,0
20092,0
35433,0
23171,0
13547,0
7698,0
31254,0
30889,0
3892,0
28059,0
8869,0
27694,0
33736,0
22722,0
32965,0
30468,0
12866,0
12806,0
35863,0
38107,0
647,0
18400,0
20962,0
25758,0
17725,0
22159,0
23157,0
11822,0
15235,0
20937,0
35824,0
4619,0
5921,0
27888,0
19615,0
17152,0
13053,0
629,0
21391,0
1671,0
4247,0
23469,0
18014,0
22156,0
776,0
22420,0
19053,0
29390,0
13074,0
9075,0
13124,0
7850,0
13283,0
19560,0
6222,0
15004,0
26618,0
7875,0
14435,0
6319,0
30383,0
12315,0
19055,0
5842,0
21523,0
421,0
16893,0
8920,0
18931,0
35720,0
24042,0
21868,0
14678,0
4049,0
13992,0
27538,0
28804,0
32573,0
17556,0
15751,0
26981,0
7297,0
30312,0
22608,0
18225,0
180,0
28175,0
29281,0
6517,0
19112,0
25619,0
39135,0
36309,0
1943,0
682,0
37183,0
31765,0
19807,0
3808,0
29554,0
16395,0
22819,0
33095,0
27907,0
15376,0
30755,0
1115,0
26360,0
31126,0
16969,0
3293,0
14631,0
1650,0
29152,0
5179,0
21293,0
16523,0
18095,0
38968,0
7587,0
16604,0
3118,0
23336,0
22814,0
25452,0
28549,0
5302,0
23690,0
36506,0
6921,0
23599,0
35699,0
1383,0
28677,0
32959,0
25846,0
34247,0
7610,0
36652,0
1856,0
9200,0
20891,0
16270,0
21573,0
983,0
3922,0
22587,0
37912,0
7164,0
14341,0
33623,0
5540,0
29479,0
4746,0
34905,0
37110,0
10040,0
22288,0
32710,0
12890,0
8441,0
13636,0
7004,0
422,0
13688,0
31638,0
26668,0
1475,0
561,0
23299,0
2416,0
13315,0
12854,0
37399,0
4919,0
28874,0
13343,0
16162,0
24307,0
7044,0
32303,0
3111,0
29739,0
16589,0
11901,0
25084,0
6329,0
17115,0
986,0
27576,0
33894,0
35184,0
9675,0
8794,0
7745,0
30387,0
11153,0
10198,0
841,0
18135,0
31394,0
4491,0
20210,0
1494,0
21339,0
12483,0
2936,0
16695,0
35839,0
7037,0
37834,0
17064,0
2997,0
9088,0
15400,0
35857,0
20251,0
2131,0
13625,0
14455,0
29908,0
33000,0
31373,0
18255,0
11943,0
4624,0
30590,0
36230,0
38861,0
28842,0
23367,0
20001,0
28987,0
27669,0
3723,0
28152,0
37453,0
17356,0
25729,0
14138,0
28414,0
11655,0
25644,0
12795,0
21879,0
6038,0
26451,0
23219,0
22795,0
14480,0
7995,0
1891,0
22067,0
157,0
35245,0
39004,0
27334,0
8505,0
11894,0
15749,0
6060,0
15894,0
22758,0
16600,0
28669,0
12046,0
7273,0
16212,0
33948,0
19613,0
2776,0
10025,0
27388,0
11136,0
21722,0
30431,0
3241,0
16010,0
24908,0
30000,0
7032,0
14842,0
174,0
33268,0
38411,0
20045,0
34550,0
6094,0
32574,0
15206,0
31366,0
38989,0
701,0
14166,0
37517,0
32650,0
36233,0
4514,0
16378,0
37442,0
29046,0
38795,0
32854,0
123,0
28145,0
19738,0
4223,0
14321,0
5,0
19555,0
20923,0
32339,0
35633,0
7145,0
21992,0
20813,0
580,0
8998,0
9471,0
20966,0
9289,0
2838,0
23946,0
23104,0
21756,0
29305,0
8423,0
33289,0
14191,0
3379,0
4338,0
33051,0
25481,0
18404,0
2291,0
32878,0
38657,0
10466,0
11557,0
6150,0
29174,0
38785,0
4201,0
7406,0
1287,0
1513,0
30944,0
23405,0
8402,0
23427,0
12340,0
35473,0
33594,0
30488,0
23499,0
28060,0
31453,0
14514,0
6210,0
5879,0
25033,0
38644,0
8424,0
2499,0
34793,0
30851,0
24447,0
38744,0
7463,0
15960,0
12356,0
31455,0
16444,0
38854,0
37219,0
37119,0
29462,0
6173,0
30780,0
16404,0
38080,0
2675,0
11487,0
33297,0
37697,0
11582,0
10088,0
32360,0
21362,0
2736,0
3605,0
9659,0
14767,0
2406,0
12706,0
25974,0
13539,0
6286,0
3019,0
15045,0
16271,0
14314,0
5167,0
18839,0
12473,0
12040,0
24753,0
12086,0
11699,0
30342,0
25170,0
23760,0
5829,0
38375,0
6782,0
5794,0
7679,0
30117,0
5905,0
30310,0
30438,0
11804,0
20970,0
37221,0
23360,0
28668,0
15112,0
7824,0
30477,0
32532,0
19904,0
12267,0
17529,0
21645,0
33597,0
2225,0
14128,0
1876,0
36440,0
6206,0
24402,0
12183,0
29986,0
4441,0
14598,0
32968,0
26060,0
19553,0
38157,0
6252,0
12554,0
24661,0
26315,0
26691,0
23254,0
26470,0
8899,0
13489,0
12186,0
14546,0
35047,0
33259,0
2836,0
29843,0
23140,0
2645,0
19062,0
25529,0
30858,0
18664,0
19892,0
28746,0
136,0
19008,0
20744,0
18592,0
34066,0
10462,0
20113,0
11206,0
30370,0
38737,0
16828,0
5487,0
19132,0
283,0
9824,0
32459,0
19122,0
20714,0
11001,0
25829,0
8040,0
30577,0
3947,0
4456,0
19598,0
5271,0
35821,0
38675,0
19649,0
2041,0
28285,0
23011,0
27011,0
3492,0
7714,0
38209,0
23755,0
35064,0
39176,0
865,0
29386,0
25810,0
37734,0
14494,0
13100,0
22630,0
1282,0
31196,0
23080,0
31143,0
29828,0
27391,0
1098,0
29076,0
22726,0
28768,0
7699,0
36032,0
3624,0
10824,0
12849,0
37435,0
1096,0
13174,0
11229,0
33607,0
38174,0
35776,0
12930,0
32391,0
31168,0
23537,0
18760,0
3132,0
27531,0
1222,0
16864,0
4384,0
16579,0
19687,0
5097,0
21909,0
22177,0
9964,0
7517,0
32815,0
22429,0
9505,0
13833,0
34312,0
3737,0
27469,0
6063,0
36301,0
36149,0
29475,0
37776,0
12821,0
35525,0
3929,0
27751,0
33181,0
30983,0
27069,0
24821,0
38623,0
16614,0
27168,0
1636,0
33687,0
3831,0
39238,0
35147,0
29796,0
23604,0
21089,0
10635,0
6435,0
15987,0
11532,0
3220,0
32240,0
25449,0
36183,0
17757,0
3481,0
11665,0
9191,0
10093,0
19475,0
14033,0
22254,0
29119,0
16060,0
19149,0
35124,0
31072,0
1751,0
35210,0
2543,0
10202,0
38401,0
22623,0
1836,0
6185,0
25081,0
25472,0
23372,0
4115,0
23912,0
24259,0
19161,0
1330,0
13598,0
22052,0
28206,0
38158,0
18471,0
16226,0
1920,0
24383,0
30039,0
18677,0
13130,0
28394,0
2033,0
17769,0
34085,0
9955,0
12294,0
21274,0
29699,0
436,0
26274,0
2283,0
18467,0
26295,0
29971,0
9969,0
38551,0
7830,0
1540,0
34325,0
33345,0
37380,0
29398,0
33373,0
31932,0
13067,0
34071,0
23149,0
30541,0
38765,0
14105,0
13201,0
5988,0
5729,0
14974,0
1616,0
29156,0
1034,0
9707,0
5824,0
16966,0
33493,0
38834,0
14802,0
3159,0
727,0
29097,0
13147,0
24618,0
21972,0
7608,0
29725,0
5021,0
14837,0
32064,0
9351,0
37729,0
10394,0
13191,0
22081,0
33221,0
16452,0
22708,0
3015,0
38504,0
3514,0
38172,0
18589,0
27671,0
7814,0
25390,0
10698,0
14372,0
35226,0
12273,0
31499,0
16918,0
5924,0
2570,0
1994,0
361,0
8009,0
30219,0
18318,0
12477,0
35872,0
35065,0
18946,0
37958,0
14032,0
13415,0
32430,0
10769,0
4284,0
24905,0
38340,0
35224,0
31063,0
34787,0
23084,0
37937,0
19306,0
20515,0
16278,0
25581,0
11222,0
33236,0
10868,0
37138,0
1514,0
10986,0
33246,0
804,0
26967,0
16241,0
20318,0
14601,0
35300,0
24789,0
31280,0
4315,0
37419,0
13674,0
499,0
9276,0
37311,0
1312,0
21463,0
1121,0
24599,0
9868,0
29349,0
3927,0
15783,0
13461,0
7585,0
20471,0
7485,0
8931,0
5232,0
7168,0
35616,0
34680,0
36177,0
6900,0
16891,0
37292,0
38448,0
10529,0
35178,0
8217,0
12551,0
25843,0
9631,0
25807,0
16080,0
20140,0
21904,0
4111,0
19571,0
33151,0
2518,0
5845,0
26503,0
22406,0
540,0
21957,0
3913,0
37243,0
19599,0
31613,0
30825,0
28892,0
23202,0
22874,0
12166,0
29763,0
9901,0
14350,0
24713,0
24801,0
6507,0
7839,0
15666,0
8675,0
38123,0
10142,0
9188,0
25615,0
17713,0
10810,0
14615,0
13381,0
11403,0
10521,0
25785,0
31171,0
25809,0
6823,0
19408,0
35009,0
6791,0
13658,0
38655,0
33376,0
28807,0
29310,0
26070,0
25880,0
26108,0
19911,0
14471,0
6523,0
26159,0
38880,0
10019,0
15438,0
30381,0
2754,0
37404,0
13540,0
36641,0
30563,0
35302,0
38034,0
3042,0
11765,0
38870,0
24115,0
6384,0
22644,0
22680,0
19193,0
23459,0
16459,0
11128,0
36153,0
9950,0
3819,0
26535,0
38933,0
27526,0
23659,0
25260,0
24868,0
14160,0
14687,0
37309,0
38342,0
35035,0
26765,0
15933,0
29347,0
35091,0
38924,0
24668,0
15972,0
1186,0
20032,0
33782,0
36457,0
12311,0
25268,0
8065,0
19358,0
29299,0
9265,0
23952,0
18119,0
25221,0
20188,0
4512,0
36966,0
21254,0
26613,0
7624,0
20367,0
20625,0
38751,0
28114,0
20249,0
4778,0
37216,0
33931,0
17832,0
6012,0
18284,0
31757,0
3046,0
8590,0
7518,0
12563,0
38324,0
12471,0
29057,0
33866,0
27245,0
7659,0
3567,0
23176,0
3519,0
15154,0
27908,0
494,0
1705,0
23215,0
36092,0
3367,0
7344,0
4427,0
11239,0
30326,0
37576,0
5038,0
13320,0
26702,0
7700,0
30781,0
6936,0
17825,0
36520,0
315,0
14387,0
2580,0
8974,0
29686,0
9797,0
18761,0
30445,0
33692,0
9488,0
36430,0
5852,0
32234,0
20557,0
18996,0
2800,0
7088,0
4520,0
22176,0
24020,0
33032,0
32536,0
4209,0
16616,0
4982,0
34010,0
31883,0
29372,0
32773,0
10547,0
1218,0
3602,0
20235,0
15675,0
24119,0
3233,0
17723,0
36260,0
23110,0
21838,0
38119,0
30275,0
4812,0
7671,0
39233,0
10490,0
10814,0
39034,0
1295,0
7915,0
39062,0
10023,0
14630,0
8164,0
22479,0
36837,0
5241,0
16251,0
23063,0
3840,0
27785,0
13466,0
11112,0
11058,0
38368,0
9688,0
14976,0
3529,0
486,0
32498,0
30964,0
28221,0
13581,0
21679,0
31036,0
3222,0
25107,0
29275,0
25553,0
16733,0
1377,0
29817,0
22422,0
29357,0
17844,0
20815,0
25484,0
37685,0
548,0
38914,0
2919,0
19537,0
7023,0
25521,0
31833,0
29709,0
6785,0
8704,0
25217,0
9036,0
38873,0
16857,0
32147,0
4993,0
25352,0
10396,0
15504,0
8756,0
8715,0
12030,0
36261,0
31737,0
25709,0
36724,0
19516,0
15483,0
3597,0
36396,0
6718,0
24557,0
4341,0
24845,0
33517,0
19789,0
27629,0
824,0
22581,0
24114,0
30842,0
23008,0
10924,0
1270,0
5771,0
1164,0
8101,0
5873,0
24856,0
27167,0
30536,0
4827,0
33168,0
14734,0
7563,0
10149,0
31683,0
792,0
24287,0
28812,0
13919,0
30962,0
37482,0
37382,0
4928,0
36101,0
16760,0
30925,0
21664,0
32983,0
14628,0
249,0
29287,0
4092,0
9728,0
9541,0
18116,0
21871,0
24204,0
23825,0
21165,0
10866,0
11158,0
25493,0
7715,0
25008,0
1094,0
173,0
13027,0
8853,0
29865,0
6147,0
8056,0
13634,0
20918,0
1241,0
27501,0
16352,0
24083,0
6910,0
26156,0
2265,0
4318,0
26805,0
20077,0
14638,0
37748,0
31042,0
8696,0
867,0
14840,0
36595,0
37626,0
1902,0
28699,0
33854,0
27796,0
13223,0
28018,0
34158,0
24534,0
22529,0
21343,0
6396,0
19393,0
12020,0
9017,0
16886,0
25958,0
307,0
10254,0
29350,0
13824,0
23031,0
12919,0
32622,0
22611,0
99,0
12456,0
31520,0
30543,0
37424,0
31495,0
8263,0
11336,0
33549,0
482,0
36073,0
797,0
8701,0
144,0
642,0
36253,0
5425,0
35690,0
20230,0
18282,0
29253,0
703,0
31561,0
37554,0
4386,0
16360,0
26792,0
27554,0
17476,0
31735,0
32124,0
21393,0
11597,0
3412,0
36963,0
32862,0
256,0
13543,0
22767,0
34646,0
15943,0
7817,0
2421,0
21179,0
28124,0
23851,0
5096,0
25001,0
31114,0
30388,0
36054,0
33913,0
23933,0
31963,0
13639,0
28111,0
35030,0
20957,0
11376,0
3539,0
578,0
34996,0
5015,0
19870,0
10909,0
14936,0
38719,0
17871,0
34214,0
4015,0
6568,0
9737,0
17289,0
25404,0
32242,0
10546,0
36832,0
19856,0
37139,0
12080,0
16741,0
32267,0
33663,0
23461,0
14075,0
27215,0
7956,0
4949,0
19978,0
6657,0
27329,0
37965,0
14344,0
5780,0
23519,0
21127,0
2136,0
15086,0
16975,0
20527,0
28717,0
6056,0
23151,0
16674,0
30016,0
26302,0
37691,0
30987,0
26157,0
5150,0
12714,0
1137,0
18481,0
12641,0
3749,0
22757,0
16530,0
1118,0
2220,0
12201,0
8279,0
23001,0
39019,0
11613,0
32184,0
32595,0
39231,0
23698,0
111,0
8185,0
19819,0
18227,0
13345,0
7944,0
35563,0
29468,0
20132,0
7106,0
36133,0
1660,0
4406,0
9825,0
34374,0
27233,0
35292,0
19275,0
39110,0
6696,0
30141,0
16054,0
30128,0
23672,0
33762,0
24177,0
31572,0
1105,0
27044,0
36314,0
38271,0
12708,0
27238,0
35370,0
24298,0
30877,0
185,0
3382,0
30666,0
11025,0
31436,0
34708,0
34392,0
35378,0
6471,0
22969,0
20838,0
9636,0
25487,0
24523,0
24540,0
26009,0
24574,0
3918,0
24581,0
25362,0
25319,0
29702,0
36096,0
35578,0
37645,0
13161,0
2720,0
26941,0
30624,0
32454,0
21011,0
15628,0
29096,0
14818,0
32904,0
29060,0
15068,0
18808,0
32348,0
25282,0
24432,0
19461,0
23436,0
6738,0
35357,0
5505,0
7577,0
35088,0
2802,0
35164,0
26891,0
30347,0
16362,0
18775,0
18001,0
31964,0
10493,0
25806,0
5381,0
1941,0
18593,0
7258,0
29312,0
3679,0
28546,0
6146,0
8795,0
21659,0
5068,0
37536,0
38888,0
32892,0
35365,0
12682,0
24211,0
89,0
10863,0
26288,0
38849,0
21243,0
29627,0
10284,0
7368,0
4605,0
2716,0
30276,0
38897,0
10051,0
31730,0
18932,0
22122,0
31173,0
37895,0
26719,0
35333,0
21925,0
21516,0
26837,0
4847,0
3224,0
12324,0
5304,0
3446,0
8498,0
34742,0
16084,0
9159,0
5839,0
38649,0
36490,0
10194,0
18869,0
1444,0
3253,0
147,0
37194,0
13820,0
34329,0
25546,0
26306,0
18082,0
15809,0
14701,0
10643,0
9985,0
18012,0
9285,0
10166,0
33189,0
33314,0
25865,0
33076,0
31294,0
9599,0
37127,0
31139,0
37005,0
23502,0
1284,0
20085,0
32032,0
34962,0
28026,0
32791,0
38940,0
6087,0
30313,0
13585,0
7277,0
16484,0
8347,0
16634,0
37035,0
10049,0
30138,0
17743,0
28884,0
7020,0
6890,0
6366,0
6920,0
30017,0
11658,0
18236,0
29687,0
19265,0
36996,0
27684,0
28027,0
34024,0
3885,0
18614,0
765,0
13973,0
10489,0
16264,0
21886,0
14359,0
36810,0
32860,0
18357,0
38318,0
15294,0
8047,0
21426,0
2390,0
14899,0
9072,0
29706,0
15165,0
36439,0
8657,0
19426,0
24528,0
18470,0
10346,0
20149,0
19469,0
26340,0
17161,0
650,0
872,0
27065,0
3921,0
30264,0
36889,0
5532,0
19568,0
19691,0
4874,0
15337,0
36432,0
3844,0
3704,0
23921,0
29167,0
29322,0
31791,0
21508,0
9551,0
32136,0
17308,0
4751,0
19585,0
26436,0
25715,0
2245,0
22336,0
6864,0
10773,0
35059,0
16649,0
6089,0
25613,0
8096,0
25243,0
32767,0
7897,0
9263,0
31756,0
5616,0
32804,0
24313,0
12463,0
30843,0
13659,0
38586,0
32771,0
4602,0
21074,0
8516,0
22077,0
16380,0
38500,0
35293,0
18093,0
4494,0
7229,0
37026,0
4807,0
38377,0
1665,0
18204,0
13319,0
16230,0
12136,0
1581,0
33414,0
38259,0
5778,0
32802,0
11315,0
6999,0
16306,0
22496,0
19994,0
668,0
7787,0
16773,0
16302,0
27776,0
32444,0
24750,0
37426,0
16312,0
28375,0
18354,0
8532,0
38424,0
23444,0
25327,0
2873,0
6699,0
7424,0
17760,0
28839,0
2724,0
22242,0
29410,0
25796,0
23246,0
32527,0
26271,0
17829,0
38450,0
15988,0
2637,0
11950,0
33447,0
5705,0
35455,0
13976,0
18109,0
35559,0
7885,0
2849,0
4069,0
31411,0
39186,0
13185,0
36537,0
16549,0
20212,0
20254,0
22441,0
34865,0
23634,0
27980,0
22359,0
27512,0
35681,0
7643,0
10102,0
37065,0
11143,0
35975,0
17904,0
16826,0
1197,0
9703,0
14641,0
15583,0
37837,0
1683,0
5005,0
28191,0
32668,0
13686,0
37146,0
21913,0
37661,0
18601,0
21093,0
5161,0
23823,0
18175,0
13420,0
22637,0
12775,0
19063,0
7103,0
9163,0
8005,0
2958,0
18495,0
14006,0
14003,0
17116,0
35204,0
6255,0
26441,0
16564,0
4457,0
27745,0
6923,0
18002,0
34310,0
15513,0
612,0
26023,0
22234,0
26363,0
20996,0
16889,0
28713,0
36826,0
8374,0
5211,0
18559,0
33312,0
11542,0
20908,0
12399,0
31374,0
37456,0
4296,0
14169,0
11320,0
21174,0
14284,0
8340,0
33536,0
16782,0
2824,0
38925,0
31868,0
31083,0
12478,0
38938,0
1464,0
27247,0
22604,0
8992,0
1462,0
5678,0
33260,0
25881,0
16657,0
34794,0
14107,0
9870,0
27513,0
15480,0
7469,0
24078,0
22684,0
35930,0
27640,0
26466,0
37677,0
30191,0
15160,0
16340,0
15744,0
11004,0
16256,0
8885,0
17145,0
21602,0
32599,0
24652,0
18865,0
16460,0
10624,0
26593,0
14846,0
38997,0
22333,0
33233,0
32894,0
31739,0
3537,0
30099,0
35201,0
10745,0
4901,0
24835,0
6272,0
11114,0
39006,0
22295,0
5758,0
37906,0
36219,0
20102,0
13474,0
38798,0
28887,0
14022,0
25307,0
37812,0
12134,0
10707,0
6515,0
38136,0
23581,0
828,0
30345,0
9763,0
25910,0
9662,0
15436,0
26525,0
20409,0
4433,0
7265,0
36605,0
19294,0
2962,0
29510,0
30931,0
6619,0
13942,0
29698,0
29298,0
30583,0
12898,0
20428,0
27018,0
28466,0
7927,0
34673,0
14827,0
1396,0
33227,0
33895,0
3349,0
37986,0
1310,0
33630,0
2378,0
6749,0
5450,0
8936,0
5071,0
15863,0
4452,0
31625,0
29135,0
24546,0
37757,0
20243,0
17730,0
10182,0
2358,0
19159,0
8582,0
15736,0
8499,0
8852,0
35496,0
10999,0
5229,0
35182,0
32012,0
2749,0
21351,0
9777,0
15641,0
25530,0
4766,0
912,0
23218,0
22593,0
31250,0
32753,0
3663,0
30465,0
35818,0
34512,0
31711,0
35139,0
37472,0
36094,0
31971,0
10672,0
15461,0
21691,0
31553,0
32976,0
7092,0
14807,0
38532,0
34193,0
7490,0
27050,0
27876,0
9794,0
3422,0
7043,0
29528,0
15456,0
28864,0
8976,0
31002,0
14702,0
8057,0
31315,0
27433,0
8299,0
21097,0
16149,0
4378,0
14298,0
18291,0
39165,0
27,0
19128,0
27821,0
16192,0
2569,0
7066,0
1189,0
8444,0
3627,0
1425,0
16608,0
25620,0
17274,0
39067,0
13480,0
34224,0
4756,0
30221,0
10499,0
19633,0
33770,0
12796,0
18418,0
26325,0
17746,0
15418,0
29026,0
5066,0
30986,0
5806,0
10045,0
4287,0
21046,0
10383,0
27209,0
12173,0
18520,0
30241,0
16486,0
12783,0
32176,0
5135,0
20865,0
1874,0
35431,0
18112,0
3871,0
10781,0
30421,0
22070,0
19368,0
10183,0
19672,0
27177,0
14085,0
20894,0
13138,0
20849,0
27494,0
18778,0
10530,0
4608,0
5983,0
20298,0
28275,0
11534,0
25557,0
34053,0
24704,0
8368,0
7853,0
26136,0
13495,0
32122,0
7107,0
16534,0
6926,0
16470,0
14731,0
5633,0
10512,0
34986,0
9430,0
35450,0
23298,0
16496,0
33417,0
11399,0
9442,0
34916,0
20413,0
3105,0
29102,0
33013,0
16397,0
37452,0
16805,0
27779,0
33184,0
13382,0
3914,0
34652,0
6339,0
798,0
15920,0
24256,0
1252,0
17943,0
7572,0
27286,0
22509,0
30259,0
8862,0
26413,0
26267,0
32825,0
27225,0
35010,0
20939,0
164,0
16981,0
32462,0
20764,0
31500,0
35882,0
2979,0
23392,0
22912,0
27963,0
23603,0
5345,0
7349,0
7274,0
37987,0
30860,0
15907,0
23951,0
24952,0
20706,0
23767,0
16434,0
25602,0
11781,0
30300,0
20048,0
25470,0
19612,0
19170,0
36642,0
31655,0
11307,0
6139,0
11853,0
18387,0
15325,0
28373,0
37301,0
535,0
6104,0
12954,0
2707,0
18524,0
21761,0
8612,0
9081,0
11918,0
4037,0
14244,0
4189,0
20596,0
7192,0
34232,0
36386,0
18743,0
8055,0
2064,0
21441,0
22640,0
39057,0
17407,0
3427,0
36924,0
12565,0
15545,0
3800,0
18961,0
4747,0
23123,0
31508,0
27789,0
20098,0
14933,0
21647,0
11949,0
34364,0
13846,0
17215,0
12131,0
24169,0
36287,0
6685,0
29007,0
28396,0
6488,0
25122,0
10163,0
10854,0
27075,0
22649,0
36557,0
2264,0
1927,0
10797,0
24471,0
22385,0
306,0
26423,0
25334,0
33755,0
28924,0
5164,0
23551,0
39050,0
34131,0
12306,0
18666,0
39053,0
21411,0
38988,0
19641,0
9643,0
24951,0
21363,0
18985,0
5386,0
21895,0
24880,0
24310,0
37731,0
23335,0
29925,0
19165,0
37821,0
27214,0
7704,0
34076,0
1351,0
10623,0
36475,0
31948,0
31484,0
15925,0
30482,0
11495,0
35335,0
12683,0
3044,0
18499,0
14146,0
4222,0
10116,0
5383,0
31277,0
8883,0
6664,0
31945,0
8212,0
29651,0
38838,0
31707,0
32175,0
30368,0
36099,0
28188,0
31213,0
24362,0
1359,0
36717,0
14508,0
820,0
1670,0
4916,0
16954,0
34157,0
7479,0
19360,0
17410,0
15522,0
20402,0
30732,0
8972,0
17083,0
28992,0
2186,0
27387,0
36851,0
31910,0
4413,0
22428,0
16371,0
8605,0
18888,0
21323,0
7139,0
9702,0
2276,0
6345,0
25634,0
29248,0
30461,0
20976,0
24662,0
14613,0
33902,0
37208,0
22557,0
27735,0
32530,0
12496,0
33953,0
22092,0
8371,0
11786,0
36343,0
11815,0
15163,0
32853,0
23353,0
27811,0
20469,0
4612,0
31386,0
32905,0
13754,0
12253,0
193,0
38438,0
5107,0
19395,0
32409,0
12053,0
37250,0
15011,0
13522,0
11270,0
15569,0
37741,0
19087,0
17033,0
32254,0
13479,0
12764,0
4309,0
34771,0
8858,0
21640,0
30864,0
28703,0
37289,0
25353,0
1376,0
27924,0
24326,0
19045,0
2197,0
31546,0
30382,0
22754,0
13557,0
13618,0
14111,0
32424,0
4106,0
1102,0
19403,0
29502,0
16670,0
27663,0
29842,0
9261,0
3790,0
38341,0
24857,0
20834,0
21201,0
35676,0
25740,0
15121,0
5756,0
36192,0
3959,0
7185,0
11515,0
27051,0
35032,0
23095,0
21498,0
20209,0
26244,0
36449,0
16206,0
30031,0
34761,0
37612,0
19559,0
16320,0
29916,0
11616,0
26278,0
34417,0
11645,0
32013,0
11975,0
20238,0
23352,0
21674,0
30531,0
27549,0
7669,0
25893,0
23596,0
13328,0
19057,0
5740,0
31222,0
27001,0
23857,0
7862,0
5431,0
12838,0
4236,0
36985,0
10365,0
36901,0
32366,0
21481,0
32552,0
38141,0
9799,0
19977,0
8393,0
26300,0
23876,0
959,0
3977,0
23784,0
34647,0
19909,0
28389,0
22066,0
33559,0
8163,0
16903,0
23914,0
4831,0
24051,0
25153,0
5736,0
13804,0
8847,0
25666,0
39299,0
36150,0
19075,0
28136,0
35295,0
19498,0
38582,0
8610,0
15094,0
25125,0
29473,0
11436,0
9322,0
25132,0
7087,0
15148,0
12661,0
36729,0
33669,0
33253,0
11126,0
5481,0
20022,0
3071,0
22524,0
3484,0
13412,0
17663,0
29213,0
29394,0
27936,0
20379,0
26994,0
10075,0
16779,0
29629,0
31540,0
25982,0
14740,0
37643,0
25781,0
12290,0
7236,0
21365,0
13464,0
22346,0
27916,0
17095,0
23334,0
13840,0
21392,0
19024,0
34117,0
6223,0
22046,0
4484,0
2649,0
26686,0
11725,0
7500,0
2762,0
6979,0
6556,0
25058,0
18963,0
26446,0
35001,0
25541,0
287,0
35649,0
6303,0
3994,0
18209,0
38464,0
13741,0
28701,0
37818,0
22360,0
13244,0
12447,0
8342,0
4711,0
25606,0
19355,0
23769,0
36930,0
33277,0
24172,0
7653,0
11102,0
37618,0
7127,0
34270,0
22378,0
36470,0
1693,0
7530,0
21945,0
15915,0
9195,0
31620,0
11961,0
33039,0
22990,0
22083,0
35615,0
22293,0
8121,0
17125,0
5717,0
6836,0
30620,0
4039,0
35844,0
23787,0
25276,0
33576,0
24464,0
13154,0
26263,0
30701,0
38106,0
8745,0
17884,0
21948,0
2621,0
8886,0
20505,0
2382,0
3863,0
11593,0
34169,0
30969,0
13868,0
3175,0
14193,0
36939,0
5812,0
14458,0
25488,0
31416,0
16423,0
23747,0
21732,0
2780,0
26906,0
547,0
4732,0
15371,0
30378,0
38990,0
10186,0
3471,0
38606,0
11446,0
34979,0
7382,0
17690,0
12534,0
6691,0
23812,0
25986,0
21763,0
24828,0
12619,0
554,0
38700,0
15857,0
28426,0
17782,0
4971,0
1250,0
32938,0
11842,0
13184,0
25534,0
15009,0
3172,0
10230,0
29784,0
2295,0
36266,0
21680,0
12472,0
8092,0
5018,0
26768,0
36888,0
2352,0
28845,0
25366,0
21454,0
28937,0
37690,0
25047,0
4992,0
39036,0
37237,0
22918,0
34233,0
15019,0
871,0
3389,0
11285,0
9306,0
5885,0
29019,0
2184,0
22181,0
30509,0
4655,0
8764,0
834,0
31427,0
8928,0
31452,0
7449,0
36824,0
8063,0
12520,0
771,0
31593,0
28802,0
8519,0
13649,0
31698,0
31007,0
23949,0
11594,0
12408,0
19299,0
33309,0
35823,0
31925,0
12119,0
29786,0
497,0
11546,0
31796,0
8875,0
37002,0
17402,0
17430,0
32027,0
33920,0
24757,0
4215,0
34553,0
3323,0
12536,0
3102,0
18675,0
30176,0
30228,0
32982,0
4686,0
35590,0
21514,0
9255,0
9696,0
33598,0
16223,0
30044,0
38653,0
27905,0
1395,0
11149,0
29224,0
8166,0
23021,0
17481,0
20343,0
7502,0
4967,0
28194,0
37145,0
38858,0
38052,0
38214,0
32765,0
10982,0
330,0
38818,0
15157,0
4811,0
18661,0
14600,0
38721,0
28155,0
11905,0
12604,0
30920,0
16841,0
35679,0
37190,0
15802,0
18934,0
10872,0
21452,0
35339,0
13081,0
12174,0
35541,0
11754,0
5011,0
12102,0
3978,0
4952,0
24195,0
3970,0
25876,0
3063,0
21723,0
6668,0
36667,0
26425,0
11090,0
21509,0
14262,0
30979,0
37242,0
13695,0
25510,0
1720,0
10056,0
37544,0
3067,0
22589,0
24655,0
22673,0
38115,0
15839,0
35929,0
16091,0
21052,0
19101,0
24023,0
31152,0
32942,0
21646,0
37169,0
9247,0
7666,0
13690,0
22148,0
29668,0
12857,0
8782,0
33803,0
20381,0
9929,0
22289,0
33355,0
35216,0
20138,0
34879,0
28983,0
15843,0
16838,0
27954,0
6277,0
14316,0
14935,0
4932,0
20759,0
31446,0
10615,0
35177,0
1685,0
30006,0
20457,0
26791,0
10358,0
14665,0
18080,0
27007,0
36541,0
35134,0
8718,0
5664,0
17399,0
1480,0
8172,0
33561,0
17856,0
29466,0
22140,0
34465,0
23661,0
3339,0
37991,0
20763,0
7889,0
8777,0
12041,0
15331,0
39258,0
30505,0
29471,0
11880,0
35446,0
17309,0
28116,0
30036,0
23714,0
1997,0
7083,0
9387,0
10679,0
31320,0
14998,0
50,0
22426,0
17307,0
29234,0
28798,0
17993,0
33605,0
608,0
16066,0
24277,0
39086,0
25430,0
32941,0
30396,0
17540,0
17121,0
36794,0
20658,0
23278,0
28935,0
35693,0
12107,0
7177,0
24705,0
26321,0
1849,0
28805,0
19901,0
19107,0
18177,0
13306,0
33509,0
9119,0
28835,0
24877,0
25415,0
2717,0
38846,0
3195,0
28909,0
38121,0
15149,0
18861,0
10035,0
24095,0
27747,0
34830,0
7332,0
8930,0
28173,0
11577,0
24072,0
20388,0
8821,0
36875,0
25356,0
12987,0
12788,0
1233,0
19025,0
8265,0
28347,0
4526,0
38961,0
14249,0
11148,0
32985,0
3786,0
16370,0
6130,0
7209,0
34912,0
7547,0
17300,0
16905,0
1877,0
21060,0
29748,0
14747,0
19069,0
6902,0
24462,0
19914,0
9205,0
6503,0
18691,0
5168,0
12284,0
6552,0
35238,0
30924,0
7768,0
13946,0
22576,0
18224,0
32289,0
17047,0
30329,0
28587,0
37212,0
13726,0
16800,0
5407,0
11235,0
10279,0
30223,0
1539,0
27971,0
2980,0
32992,0
13140,0
31603,0
18510,0
10390,0
31596,0
12038,0
15494,0
23938,0
28010,0
15990,0
12990,0
20731,0
13883,0
22884,0
7263,0
32666,0
4671,0
34306,0
34989,0
19576,0
11010,0
38257,0
17250,0
7663,0
15327,0
32228,0
9378,0
1314,0
4934,0
15312,0
28075,0
30932,0
22739,0
7899,0
13517,0
24335,0
22095,0
10795,0
33167,0
35507,0
9563,0
33947,0
24435,0
17460,0
16281,0
32296,0
16011,0
4468,0
15083,0
25200,0
1286,0
6644,0
32340,0
19971,0
9422,0
13031,0
15501,0
13273,0
15230,0
24488,0
33150,0
13550,0
8765,0
5291,0
1058,0
10715,0
10296,0
5571,0
6624,0
12980,0
26101,0
5473,0
14851,0
38028,0
3777,0
36465,0
22881,0
20119,0
31470,0
24736,0
27336,0
36708,0
11617,0
24003,0
32549,0
34033,0
36887,0
14510,0
19607,0
1389,0
17980,0
7330,0
29664,0
37227,0
2964,0
26374,0
16167,0
18253,0
3045,0
12654,0
25835,0
26226,0
14655,0
20776,0
24130,0
34025,0
14200,0
32412,0
22616,0
15439,0
34778,0
3720,0
3657,0
17203,0
29358,0
22212,0
15109,0
7135,0
29313,0
30652,0
32690,0
18792,0
15462,0
7772,0
26264,0
23170,0
24290,0
33818,0
28499,0
35386,0
15550,0
28454,0
17868,0
10295,0
20493,0
20698,0
33688,0
30961,0
16583,0
2931,0
7794,0
29189,0
16481,0
33928,0
34342,0
28355,0
33231,0
23557,0
3635,0
5549,0
9742,0
5295,0
38226,0
18477,0
32288,0
8035,0
23520,0
8068,0
26908,0
34070,0
7499,0
7929,0
1935,0
9604,0
492,0
874,0
4541,0
8282,0
3880,0
4127,0
12768,0
12364,0
32818,0
23076,0
31648,0
3386,0
21669,0
36328,0
31634,0
36416,0
16175,0
22861,0
14232,0
2324,0
18288,0
2774,0
4385,0
18563,0
8832,0
12325,0
38613,0
17287,0
29911,0
30974,0
15679,0
2165,0
1073,0
38820,0
18230,0
11669,0
25286,0
18998,0
23410,0
29371,0
3310,0
7774,0
30787,0
20648,0
37020,0
16145,0
28125,0
2593,0
30444,0
8894,0
28390,0
23856,0
15593,0
438,0
1214,0
4748,0
850,0
21438,0
21312,0
23817,0
16899,0
20410,0
21255,0
28889,0
255,0
5761,0
7369,0
25784,0
10215,0
21462,0
36459,0
27941,0
34367,0
32760,0
12621,0
27062,0
6347,0
19236,0
38853,0
7041,0
3190,0
26980,0
2513,0
18129,0
12588,0
8436,0
33241,0
38488,0
38507,0
38855,0
32969,0
35716,0
3180,0
14067,0
36235,0
11391,0
112,0
14739,0
32906,0
14895,0
15453,0
30542,0
818,0
34866,0
20357,0
21899,0
36385,0
13360,0
29961,0
6383,0
38567,0
31401,0
22847,0
2501,0
35809,0
15511,0
28009,0
3517,0
24429,0
37756,0
23626,0
18363,0
18854,0
37241,0
21814,0
25946,0
29628,0
36026,0
13093,0
17563,0
10317,0
23590,0
18595,0
11051,0
5636,0
19887,0
11059,0
34919,0
1104,0
18602,0
14925,0
282,0
1202,0
34264,0
30089,0
11370,0
26081,0
3314,0
16584,0
431,0
18278,0
14726,0
11752,0
7475,0
12394,0
17193,0
22463,0
32285,0
13167,0
30357,0
14334,0
33778,0
8694,0
22917,0
34918,0
35114,0
21778,0
15346,0
8537,0
33515,0
8074,0
720,0
10629,0
17454,0
16904,0
31959,0
11466,0
8786,0
37214,0
22400,0
3425,0
24286,0
9257,0
24419,0
27662,0
37903,0
34966,0
30910,0
23986,0
24694,0
24076,0
36536,0
5653,0
19131,0
7118,0
36860,0
11931,0
17135,0
8812,0
27626,0
14239,0
32506,0
33198,0
14926,0
18513,0
36989,0
17478,0
7677,0
12223,0
584,0
13956,0
1972,0
16521,0
24245,0
2346,0
22419,0
26936,0
16755,0
1328,0
12752,0
21983,0
4850,0
32103,0
20723,0
34038,0
28871,0
17187,0
35977,0
7251,0
35289,0
14657,0
7605,0
19228,0
2082,0
6455,0
3541,0
3317,0
6003,0
15006,0
18324,0
5903,0
15103,0
11365,0
38512,0
14609,0
17094,0
6215,0
1195,0
10324,0
8462,0
7271,0
36310,0
3893,0
35555,0
17376,0
31806,0
1590,0
27527,0
35421,0
5744,0
5363,0
18683,0
15535,0
13652,0
1532,0
7460,0
25242,0
30279,0
33945,0
31909,0
35331,0
15847,0
39309,0
1957,0
19402,0
12839,0
24849,0
7450,0
6922,0
19207,0
4324,0
21576,0
36371,0
26038,0
34688,0
37928,0
34930,0
18333,0
28870,0
34370,0
30867,0
10708,0
34533,0
22983,0
1116,0
23260,0
25388,0
27973,0
37768,0
20778,0
7569,0
5065,0
9526,0
3715,0
19721,0
24672,0
31953,0
15895,0
21167,0
3721,0
7394,0
8459,0
17670,0
14273,0
36699,0
21734,0
28020,0
18310,0
21333,0
1467,0
19137,0
29772,0
32788,0
16347,0
8640,0
19273,0
5448,0
3309,0
33210,0
4076,0
23485,0
1491,0
30667,0
35392,0
9222,0
2229,0
11482,0
3869,0
30922,0
20753,0
31356,0
3982,0
26212,0
38562,0
36411,0
15825,0
16622,0
1051,0
31133,0
24469,0
25297,0
14125,0
17276,0
22310,0
17175,0
17539,0
27961,0
37909,0
9863,0
2323,0
31635,0
30278,0
1265,0
8983,0
34514,0
33200,0
37635,0
4673,0
35651,0
12873,0
18902,0
11349,0
1678,0
7434,0
2974,0
25699,0
24202,0
14163,0
22078,0
3378,0
9372,0
36281,0
25018,0
39253,0
21991,0
14212,0
23205,0
32403,0
33507,0
26506,0
21287,0
14538,0
6883,0
14234,0
30591,0
25009,0
14137,0
33448,0
16392,0
5063,0
35315,0
15770,0
14144,0
20833,0
32817,0
36997,0
6064,0
19605,0
5714,0
30454,0
16607,0
11992,0
36771,0
29003,0
19158,0
15680,0
1135,0
33925,0
15502,0
3054,0
8844,0
20709,0
21021,0
20178,0
11636,0
14736,0
27372,0
33142,0
13275,0
19267,0
27246,0
15718,0
5182,0
35413,0
8714,0
25321,0
8932,0
537,0
23455,0
17040,0
7252,0
17689,0
17975,0
31147,0
25762,0
17144,0
5106,0
10083,0
9281,0
20884,0
8533,0
36029,0
22094,0
491,0
36387,0
9832,0
34161,0
21963,0
38465,0
11666,0
1533,0
26310,0
18079,0
32468,0
25531,0
23922,0
21152,0
21526,0
32808,0
37960,0
10007,0
21303,0
25490,0
38179,0
2370,0
14226,0
25642,0
27781,0
6519,0
27829,0
28622,0
18411,0
35654,0
25985,0
11371,0
32626,0
36892,0
7207,0
5962,0
24099,0
20023,0
14536,0
37648,0
9164,0
37822,0
18391,0
6769,0
32431,0
6170,0
25948,0
10355,0
37156,0
8627,0
16258,0
32714,0
31011,0
10931,0
31009,0
37377,0
34015,0
35252,0
27741,0
33800,0
11282,0
25838,0
1305,0
2568,0
2052,0
13393,0
12108,0
13983,0
3345,0
32521,0
29190,0
24468,0
38213,0
27987,0
25504,0
37252,0
28397,0
7886,0
33163,0
7606,0
2016,0
28382,0
25444,0
9157,0
37746,0
33332,0
32545,0
24240,0
28444,0
30950,0
32980,0
13061,0
15493,0
9108,0
19272,0
19204,0
1341,0
34350,0
32935,0
8117,0
13071,0
4290,0
27053,0
12564,0
11858,0
2299,0
30236,0
26348,0
5169,0
36938,0
26794,0
34809,0
6034,0
30800,0
11784,0
30631,0
33522,0
29267,0
19580,0
16007,0
4797,0
23297,0
10276,0
20737,0
32750,0
4336,0
34237,0
15507,0
26700,0
27089,0
5575,0
26696,0
7990,0
24442,0
15790,0
28712,0
22714,0
26352,0
23700,0
4665,0
27125,0
7725,0
16725,0
19844,0
28527,0
2819,0
6550,0
16786,0
28780,0
31066,0
33696,0
1861,0
12026,0
17674,0
34925,0
14352,0
4368,0
10046,0
6809,0
13600,0
2767,0
25753,0
9708,0
33518,0
32377,0
28957,0
4546,0
7008,0
32375,0
2700,0
37078,0
3983,0
26834,0
4360,0
10204,0
37398,0
683,0
741,0
37504,0
35945,0
36909,0
25792,0
17140,0
35957,0
11598,0
14931,0
11802,0
32841,0
13284,0
3848,0
20634,0
28338,0
12139,0
38480,0
33884,0
30162,0
9149,0
33747,0
23657,0
4554,0
27573,0
19531,0
18684,0
36127,0
38427,0
4267,0
30891,0
12005,0
5128,0
24049,0
38008,0
851,0
25323,0
33370,0
31997,0
11535,0
13806,0
25821,0
33682,0
13330,0
35107,0
7827,0
18374,0
27516,0
7305,0
5354,0
24898,0
9212,0
10372,0
4871,0
8595,0
17349,0
31038,0
3315,0
29162,0
7705,0
15033,0
13845,0
7684,0
29505,0
5931,0
13529,0
28153,0
30165,0
4128,0
1741,0
35819,0
860,0
29615,0
31720,0
13372,0
21658,0
38802,0
36566,0
18973,0
14724,0
25524,0
32212,0
22451,0
14599,0
38505,0
33900,0
19639,0
27862,0
15496,0
31387,0
15095,0
24842,0
31674,0
26804,0
25425,0
34356,0
12375,0
2456,0
6758,0
36286,0
39197,0
22170,0
15846,0
30862,0
17765,0
22292,0
37278,0
18122,0
34737,0
15097,0
23709,0
20821,0
27381,0
34478,0
11527,0
21147,0
28610,0
16364,0
31360,0
13022,0
525,0
16859,0
34166,0
21485,0
3525,0
31485,0
2399,0
199,0
17437,0
18843,0
435,0
30314,0
23059,0
6851,0
29362,0
5987,0
26683,0
36030,0
19043,0
14106,0
14883,0
11585,0
34468,0
32114,0
18788,0
8286,0
12319,0
32736,0
5474,0
30779,0
31006,0
11139,0
31329,0
5396,0
11214,0
8539,0
12742,0
32663,0
20450,0
7059,0
33792,0
24417,0
19058,0
3417,0
20946,0
26628,0
35015,0
24756,0
39222,0
5268,0
15982,0
18246,0
20012,0
22890,0
31155,0
1497,0
3049,0
5700,0
20553,0
29894,0
10082,0
37147,0
24640,0
19653,0
4160,0
37634,0
28922,0
34784,0
32737,0
28994,0
37155,0
22831,0
2941,0
30200,0
26432,0
4984,0
24571,0
31569,0
33396,0
31702,0
33292,0
1472,0
29934,0
29464,0
7888,0
455,0
36188,0
7319,0
17622,0
30170,0
26919,0
9922,0
30705,0
11653,0
2144,0
32149,0
35068,0
28213,0
26194,0
11450,0
6698,0
13210,0
31035,0
38827,0
24317,0
26140,0
19567,0
35509,0
36508,0
15714,0
3014,0
10864,0
19237,0
23863,0
35222,0
31094,0
33933,0
19643,0
20960,0
6305,0
3632,0
15311,0
17643,0
38376,0
7072,0
22939,0
28569,0
21555,0
22668,0
21704,0
13699,0
35264,0
26556,0
14122,0
38929,0
30553,0
9444,0
35743,0
36731,0
32441,0
33967,0
4883,0
26205,0
10457,0
1110,0
2228,0
7942,0
32716,0
18547,0
13346,0
14362,0
38711,0
10841,0
34407,0
27708,0
18073,0
2652,0
30248,0
2809,0
22701,0
592,0
3900,0
11694,0
13509,0
9891,0
23680,0
37495,0
29764,0
34354,0
16196,0
26552,0
4082,0
7561,0
10331,0
3271,0
6783,0
4798,0
18030,0
29802,0
14018,0
25130,0
1485,0
19386,0
21813,0
32172,0
2608,0
29543,0
32163,0
26779,0
29952,0
13024,0
29887,0
25435,0
13799,0
29972,0
5204,0
26165,0
32373,0
26604,0
15973,0
37559,0
19717,0
1111,0
32660,0
1303,0
8684,0
30034,0
14605,0
11516,0
13898,0
35715,0
1564,0
18900,0
8324,0
14528,0
2239,0
32914,0
10065,0
14103,0
23972,0
25014,0
23587,0
10340,0
15867,0
11428,0
8751,0
22268,0
29616,0
4500,0
13311,0
13272,0
8513,0
3364,0
32049,0
2768,0
37198,0
14000,0
20503,0
38317,0
1580,0
39168,0
27341,0
27383,0
17925,0
14364,0
3925,0
35212,0
28795,0
15865,0
34568,0
9078,0
18459,0
18469,0
9302,0
12103,0
18420,0
16662,0
5101,0
5113,0
8406,0
18406,0
18914,0
7818,0
38571,0
16140,0
25855,0
20376,0
3142,0
35202,0
14878,0
13335,0
27268,0
24045,0
29689,0
12610,0
20167,0
6390,0
4260,0
31686,0
37286,0
8296,0
34485,0
32683,0
27800,0
6024,0
11716,0
21007,0
9125,0
6596,0
26743,0
3571,0
3811,0
19645,0
20536,0
36615,0
30566,0
37567,0
22195,0
30873,0
30159,0
2648,0
39321,0
19517,0
29917,0
124,0
25773,0
32359,0
14158,0
13830,0
36864,0
35394,0
30819,0
34190,0
22011,0
7264,0
12227,0
12247,0
26025,0
8169,0
27074,0
88,0
18624,0
31897,0
15787,0
27013,0
19452,0
20133,0
2019,0
7007,0
23668,0
37021,0
34000,0
29389,0
12475,0
21367,0
13772,0
14977,0
38815,0
15065,0
18825,0
30808,0
5086,0
6202,0
7058,0
37835,0
22481,0
29361,0
32390,0
26049,0
30081,0
32930,0
23371,0
27287,0
21156,0
7529,0
9684,0
10774,0
21033,0
23138,0
29123,0
10336,0
1181,0
32235,0
31322,0
18873,0
17733,0
33482,0
24569,0
24595,0
29130,0
11178,0
14190,0
4866,0
6318,0
34907,0
26761,0
11682,0
1379,0
2965,0
16621,0
23285,0
32748,0
8597,0
8479,0
18242,0
1190,0
8510,0
13885,0
5467,0
37637,0
15075,0
19050,0
1801,0
29204,0
34967,0
27834,0
11226,0
9032,0
33955,0
17443,0
2330,0
26842,0
38270,0
5684,0
14015,0
30741,0
4839,0
28292,0
23650,0
22306,0
13314,0
8061,0
14502,0
2377,0
21703,0
15941,0
1283,0
36719,0
1430,0
36090,0
18536,0
26961,0
38716,0
16818,0
7855,0
35344,0
14185,0
26986,0
31004,0
5973,0
2482,0
25049,0
13383,0
10458,0
29697,0
445,0
11580,0
20039,0
32852,0
19367,0
11831,0
4019,0
18769,0
21002,0
29741,0
4754,0
36290,0
10224,0
19259,0
26781,0
19041,0
14805,0
34216,0
30576,0
29066,0
8233,0
5874,0
33944,0
7422,0
11286,0
29724,0
18250,0
24365,0
2202,0
24156,0
5933,0
9056,0
16342,0
8692,0
2927,0
12903,0
27621,0
1579,0
9575,0
17106,0
29555,0
1928,0
8213,0
18016,0
38749,0
27563,0
12443,0
2059,0
24108,0
21457,0
16934,0
9398,0
10481,0
34814,0
35898,0
30643,0
30169,0
24981,0
37411,0
21706,0
15108,0
7571,0
13978,0
2967,0
8201,0
23198,0
36988,0
37038,0
27211,0
28227,0
4182,0
21788,0
11589,0
7048,0
32078,0
24882,0
38908,0
34685,0
3991,0
7654,0
35683,0
26723,0
19197,0
27399,0
17359,0
33085,0
18715,0
13307,0
7691,0
18565,0
29767,0
27468,0
35596,0
36278,0
2445,0
20489,0
26434,0
3344,0
29067,0
17999,0
34845,0
26641,0
1134,0
27628,0
26092,0
27313,0
24515,0
29432,0
20173,0
12670,0
17452,0
6231,0
34697,0
36559,0
16761,0
2196,0
14462,0
33282,0
19365,0
27139,0
28380,0
19601,0
18733,0
31001,0
19545,0
2011,0
23415,0
29920,0
13300,0
27837,0
14430,0
26698,0
2331,0
38693,0
33763,0
2631,0
9610,0
6391,0
23378,0
2288,0
30105,0
26253,0
10887,0
10979,0
34509,0
36213,0
9389,0
16190,0
30664,0
26586,0
2737,0
34083,0
32961,0
5094,0
4203,0
14950,0
34304,0
9793,0
1129,0
38674,0
2591,0
38945,0
15995,0
36880,0
12648,0
4158,0
35253,0
12338,0
11200,0
37267,0
6514,0
38563,0
15430,0
35972,0
38625,0
6731,0
15614,0
86,0
32511,0
20429,0
11066,0
32882,0
32415,0
25817,0
22723,0
19804,0
39325,0
25518,0
34963,0
7060,0
536,0
239,0
13764,0
4365,0
22638,0
16000,0
29429,0
13152,0
31714,0
4168,0
18302,0
17303,0
7670,0
19896,0
27192,0
17282,0
15944,0
19468,0
20228,0
19867,0
15608,0
2559,0
473,0
11641,0
22123,0
10101,0
10158,0
20801,0
23293,0
5406,0
29328,0
22580,0
35878,0
23040,0
6607,0
10803,0
13911,0
28023,0
4120,0
9722,0
16279,0
16960,0
28809,0
13841,0
22743,0
24774,0
11359,0
37288,0
35871,0
4110,0
2411,0
34280,0
11165,0
29374,0
853,0
13211,0
17074,0
16282,0
33942,0
17320,0
22621,0
17362,0
26169,0
34606,0
17790,0
17798,0
9524,0
16872,0
19882,0
16393,0
10100,0
8687,0
25752,0
33943,0
17389,0
4254,0
17027,0
37201,0
33436,0
19148,0
13767,0
30295,0
15683,0
24135,0
37633,0
12083,0
20844,0
9178,0
38730,0
6080,0
1687,0
29257,0
28226,0
477,0
3371,0
1772,0
15698,0
691,0
18637,0
16637,0
30010,0
16714,0
38082,0
35101,0
22620,0
1774,0
14197,0
18629,0
25203,0
7613,0
13378,0
37433,0
15488,0
4507,0
21938,0
15404,0
29503,0
14934,0
36730,0
14790,0
24408,0
35503,0
26153,0
7385,0
15959,0
22785,0
13748,0
10961,0
6019,0
18836,0
7144,0
6,0
14240,0
19936,0
6825,0
21827,0
14519,0
36210,0
324,0
36565,0
35479,0
4718,0
26298,0
29153,0
20873,0
2903,0
23950,0
30619,0
23987,0
24252,0
35775,0
22108,0
2571,0
13291,0
14044,0
6444,0
17257,0
21434,0
5998,0
33513,0
24647,0
25551,0
14507,0
26317,0
24861,0
1138,0
32367,0
1570,0
20568,0
2757,0
4788,0
25672,0
3878,0
34674,0
25199,0
22107,0
26142,0
13703,0
22753,0
13564,0
26742,0
22522,0
12612,0
28674,0
8161,0
14205,0
16985,0
25103,0
2152,0
3155,0
31591,0
3771,0
29481,0
4184,0
35130,0
12289,0
35103,0
27504,0
24318,0
35234,0
16744,0
29489,0
38977,0
3038,0
4228,0
4493,0
31846,0
30754,0
9869,0
20162,0
6002,0
14174,0
10173,0
17069,0
29945,0
32067,0
17827,0
30735,0
32157,0
1280,0
11908,0
20025,0
23134,0
33379,0
26699,0
17242,0
10818,0
8661,0
24556,0
3585,0
826,0
3384,0
38264,0
34854,0
4987,0
13823,0
17253,0
35466,0
28792,0
20118,0
1194,0
35561,0
21804,0
25443,0
10954,0
28141,0
3129,0
8052,0
24134,0
27452,0
1257,0
10177,0
37727,0
17298,0
20460,0
27143,0
29506,0
1676,0
2122,0
35603,0
16968,0
17932,0
20944,0
34863,0
3103,0
12362,0
26138,0
24086,0
25025,0
22053,0
33708,0
26803,0
3658,0
19208,0
31068,0
23009,0
9218,0
14294,0
26649,0
25956,0
4802,0
13882,0
29215,0
26030,0
31970,0
6819,0
8721,0
6779,0
37174,0
8356,0
12618,0
5527,0
17661,0
13407,0
37540,0
8184,0
30627,0
30657,0
35529,0
12147,0
22034,0
35002,0
18723,0
20629,0
6044,0
19700,0
13975,0
27655,0
31019,0
27129,0
30783,0
28797,0
21867,0
22786,0
20297,0
30005,0
23508,0
9305,0
13146,0
27645,0
31347,0
31503,0
19784,0
3557,0
12378,0
23433,0
9190,0
5191,0
28491,0
29109,0
33238,0
24361,0
18573,0
2435,0
36008,0
1237,0
8807,0
369,0
27994,0
37696,0
4966,0
20319,0
17615,0
2326,0
359,0
31080,0
19145,0
17361,0
18197,0
10500,0
17010,0
5464,0
30942,0
30575,0
26806,0
8355,0
30011,0
27634,0
18431,0
36466,0
13341,0
31406,0
23250,0
4513,0
18344,0
58,0
11984,0
5202,0
17419,0
26401,0
5832,0
32576,0
22009,0
16688,0
11171,0
36596,0
21443,0
34766,0
14636,0
7712,0
34425,0
37166,0
27832,0
24061,0
17613,0
11758,0
25575,0
27542,0
12679,0
30786,0
12317,0
2886,0
27302,0
31538,0
14892,0
19130,0
27047,0
5546,0
3735,0
36903,0
27830,0
21442,0
29881,0
14848,0
5359,0
34261,0
1095,0
33377,0
33728,0
27487,0
25266,0
13264,0
15677,0
26409,0
15349,0
36166,0
37081,0
24794,0
17960,0
28698,0
25648,0
28993,0
28872,0
35082,0
10121,0
2023,0
712,0
25295,0
34014,0
3897,0
35138,0
37009,0
5536,0
5765,0
6983,0
28964,0
13610,0
23255,0
25219,0
17988,0
38808,0
3274,0
18904,0
36923,0
2994,0
5889,0
9646,0
14685,0
5995,0
33073,0
38311,0
20257,0
1004,0
10293,0
15268,0
21716,0
18186,0
22719,0
12170,0
10858,0
29443,0
4863,0
30133,0
28486,0
5045,0
6459,0
10608,0
25302,0
16303,0
29560,0
10460,0
23867,0
23744,0
5694,0
30737,0
4799,0
29068,0
38970,0
36842,0
36686,0
33368,0
2241,0
38202,0
33020,0
18147,0
30225,0
6850,0
23054,0
146,0
2808,0
5367,0
4618,0
29832,0
26721,0
12761,0
7730,0
11770,0
6211,0
2428,0
27467,0
1336,0
10857,0
2453,0
12807,0
11103,0
29470,0
175,0
28031,0
22386,0
38537,0
4258,0
27639,0
21855,0
32575,0
12265,0
2507,0
22539,0
16731,0
28281,0
13913,0
13822,0
13633,0
32171,0
7476,0
37967,0
26358,0
30245,0
2698,0
1146,0
28985,0
11563,0
28832,0
22277,0
10447,0
21374,0
20866,0
39163,0
22941,0
1728,0
29870,0
36245,0
25959,0
7911,0
23406,0
34982,0
11628,0
36207,0
667,0
26192,0
6973,0
38478,0
13279,0
22051,0
21493,0
7249,0
12524,0
27990,0
34591,0
26208,0
363,0
13313,0
852,0
3191,0
13181,0
6742,0
9897,0
34994,0
33530,0
28034,0
27521,0
10796,0
17228,0
2101,0
209,0
15902,0
15567,0
12942,0
3584,0
6948,0
18296,0
11946,0
12341,0
3881,0
32473,0
33351,0
16865,0
12975,0
14196,0
15824,0
20421,0
28353,0
8236,0
11117,0
822,0
31626,0
2396,0
539,0
846,0
5706,0
36206,0
3297,0
6091,0
2231,0
946,0
16195,0
32051,0
7979,0
24990,0
4809,0
28411,0
24711,0
13203,0
1654,0
20181,0
25156,0
38244,0
9537,0
17642,0
7575,0
9908,0
20622,0
5049,0
33862,0
1523,0
9098,0
10636,0
8767,0
7115,0
1713,0
21875,0
30966,0
31414,0
27428,0
17826,0
25622,0
30118,0
13332,0
6542,0
10095,0
21113,0
15670,0
8557,0
7702,0
15879,0
38439,0
21045,0
17347,0
7816,0
36962,0
30669,0
18947,0
20456,0
7937,0
17620,0
12072,0
2498,0
32948,0
7445,0
29818,0
22802,0
38832,0
5284,0
3302,0
14486,0
37257,0
36683,0
22921,0
26024,0
14908,0
20121,0
19118,0
29501,0
30734,0
27561,0
27090,0
22021,0
22660,0
6861,0
10360,0
266,0
22089,0
31656,0
16119,0
5088,0
24895,0
20279,0
22855,0
5446,0
28497,0
25027,0
10804,0
35085,0
26021,0
18377,0
30102,0
37813,0
2884,0
35790,0
9906,0
18022,0
24303,0
12422,0
27539,0
16529,0
38079,0
18009,0
29643,0
10437,0
34565,0
4590,0
32850,0
10661,0
28478,0
25788,0
23049,0
30251,0
27652,0
26463,0
1360,0
8320,0
28645,0
14772,0
37587,0
35584,0
22497,0
14134,0
34578,0
30457,0
29590,0
22462,0
38289,0
25026,0
20613,0
21971,0
21479,0
34579,0
17008,0
38422,0
13289,0
29206,0
18652,0
32612,0
29565,0
655,0
37684,0
30380,0
34219,0
8538,0
14635,0
9402,0
4795,0
34334,0
27008,0
3670,0
32559,0
27100,0
21024,0
476,0
32300,0
10261,0
33088,0
1700,0
9694,0
28965,0
39038,0
20196,0
30157,0
10805,0
33179,0
31611,0
24673,0
39206,0
35712,0
19813,0
14155,0
24500,0
14617,0
5521,0
9129,0
4143,0
24406,0
6066,0
24783,0
5189,0
30730,0
16089,0
36498,0
29455,0
36222,0
37491,0
35087,0
32777,0
29759,0
29897,0
12476,0
17058,0
11432,0
33222,0
30211,0
7843,0
23693,0
27674,0
32328,0
31836,0
18107,0
33860,0
15950,0
24878,0
14732,0
18237,0
16373,0
29749,0
16289,0
23686,0
1269,0
12184,0
7788,0
33098,0
37016,0
34418,0
15729,0
2683,0
36967,0
8247,0
32349,0
32497,0
14180,0
18314,0
4240,0
32385,0
11397,0
24302,0
32770,0
37553,0
28146,0
20248,0
28302,0
14025,0
8843,0
7925,0
8267,0
26179,0
15407,0
11406,0
17972,0
37836,0
18668,0
7223,0
6457,0
21896,0
7960,0
31333,0
32351,0
19000,0
16746,0
1910,0
33101,0
20322,0
15111,0
7228,0
16719,0
18264,0
15101,0
32981,0
27345,0
15572,0
32206,0
36390,0
14098,0
26643,0
24703,0
36311,0
33230,0
813,0
8555,0
27356,0
30586,0
12076,0
37505,0
20529,0
21791,0
9467,0
8366,0
12021,0
35337,0
4101,0
32732,0
38392,0
10359,0
1974,0
34331,0
4434,0
21825,0
4509,0
33786,0
3087,0
13878,0
16758,0
27037,0
32944,0
18144,0
2728,0
34290,0
8492,0
16763,0
28406,0
12181,0
4614,0
12492,0
27173,0
32759,0
19670,0
31991,0
4728,0
2182,0
17928,0
36822,0
31376,0
24920,0
18269,0
19767,0
8738,0
3610,0
36982,0
599,0
36359,0
3141,0
31736,0
30695,0
898,0
2978,0
28251,0
38412,0
23531,0
12521,0
32919,0
27473,0
1594,0
29040,0
12804,0
36121,0
16677,0
978,0
22908,0
39049,0
27919,0
576,0
20372,0
20109,0
8095,0
38807,0
27477,0
36603,0
39133,0
10826,0
9415,0
34381,0
37736,0
24725,0
38574,0
36666,0
35067,0
28613,0
35121,0
5528,0
25746,0
5588,0
10169,0
14229,0
5840,0
16914,0
11639,0
26796,0
15401,0
24478,0
27582,0
36775,0
2505,0
12059,0
17811,0
37627,0
38254,0
11599,0
16071,0
15062,0
23282,0
17835,0
33469,0
22131,0
24781,0
29261,0
13389,0
38155,0
7157,0
4724,0
24695,0
14392,0
28628,0
15220,0
22437,0
22196,0
7724,0
33839,0
32204,0
7871,0
17923,0
21821,0
16502,0
19036,0
15044,0
7049,0
12811,0
38547,0
25459,0
37939,0
13611,0
33318,0
12594,0
37132,0
19351,0
29279,0
31369,0
2632,0
18768,0
9664,0
12196,0
4012,0
8810,0
5797,0
6950,0
2353,0
16522,0
24357,0
6250,0
37552,0
19398,0
2149,0
9062,0
17533,0
20857,0
19674,0
1397,0
4683,0
38829,0
8427,0
32735,0
32849,0
7373,0
32537,0
25645,0
34816,0
27586,0
13691,0
16003,0
14652,0
9889,0
32526,0
27839,0
31199,0
25147,0
37636,0
6537,0
9154,0
1852,0
17143,0
31424,0
25082,0
19650,0
900,0
20398,0
23771,0
9943,0
19591,0
26079,0
6413,0
2526,0
14308,0
9219,0
31352,0
16631,0
20936,0
15030,0
16247,0
14762,0
16131,0
13759,0
22272,0
11855,0
32434,0
16188,0
11706,0
39196,0
30686,0
24670,0
9278,0
37337,0
17271,0
2558,0
22449,0
4598,0
38019,0
26362,0
38230,0
19092,0
36836,0
14469,0
36839,0
14746,0
16575,0
34050,0
28853,0
17018,0
32570,0
6737,0
26411,0
15956,0
19070,0
31430,0
3876,0
20710,0
26015,0
12970,0
