Id,Predicted
14061,0
16467,0
25725,1
9100,1
32597,1
12156,1
2908,0
38379,1
38263,0
22142,0
18682,1
30513,1
573,1
25191,0
13948,1
34343,1
21345,0
37655,0
6014,0
13765,1
3182,1
8361,1
25144,0
29199,0
18241,1
8098,0
24576,1
21636,0
26330,1
12803,1
12848,1
37276,1
29855,0
24145,1
16680,0
18307,0
32605,0
3611,1
29300,1
38283,1
20512,1
14651,1
23312,0
5253,1
28757,1
5897,1
22489,1
8114,0
22440,1
3100,0
27024,1
7777,1
14173,1
688,1
6275,0
39149,1
862,1
26366,1
38652,1
37203,1
16558,0
10343,0
2813,0
20745,1
18482,1
20604,1
14256,0
25083,1
37507,0
5016,1
1471,1
4232,1
13322,0
36953,0
12435,1
33090,1
16034,0
24410,1
4358,1
25274,1
14915,1
10348,1
24949,0
8973,1
29334,1
35718,1
27746,1
13715,1
24481,0
14381,1
12143,1
4525,0
21116,1
19947,1
9595,1
3203,1
960,1
11416,0
30305,0
16390,0
31219,0
15807,0
33847,0
18262,0
35862,0
35613,1
7639,1
35979,1
3861,1
24598,0
11087,1
9554,1
20281,0
29879,1
11309,0
17477,0
27015,1
10021,0
13587,0
21076,0
1773,1
21608,1
28803,0
28576,1
1023,0
4594,1
22069,0
19018,1
20855,1
19464,0
1363,0
20290,0
31307,1
38498,1
4810,1
4636,1
781,1
3392,1
20464,1
20096,1
27771,1
3374,1
19930,1
8866,0
21069,1
19627,1
29306,1
1605,1
32922,1
39085,1
14919,0
36805,0
13505,0
8669,0
31480,0
19198,1
28966,1
25040,0
27095,1
13621,0
27492,1
16875,0
26670,1
36878,1
19109,1
38005,0
11155,0
5621,1
21826,1
34333,1
2977,0
27396,1
19429,0
13238,1
9867,1
24555,0
4780,1
20624,1
35327,1
17918,1
18019,0
16770,1
5858,1
15115,0
12607,0
5034,0
2671,1
12963,1
17729,1
34153,1
10125,1
22671,1
23289,0
36630,0
35928,0
33477,1
13654,1
22488,1
14730,1
8864,0
21248,1
36042,1
19352,0
28028,0
18763,0
634,1
34624,1
17164,0
4576,1
33613,0
26243,0
30024,1
28722,1
21858,1
38646,1
2544,0
20270,1
350,1
36555,1
16113,1
17440,1
4319,0
25599,0
10391,0
34375,0
6254,1
5986,0
33649,0
13903,1
31379,0
28076,1
30070,0
8705,1
8031,0
34286,0
29592,1
30710,1
1998,1
13892,1
38630,1
38235,1
15315,1
15520,1
25808,0
6987,1
10161,1
6889,1
3796,0
817,1
28239,1
19301,0
38885,0
20774,1
23592,1
19746,0
3746,0
19337,1
12135,1
18449,0
2820,0
34961,1
6115,1
11742,1
22877,0
751,1
10397,1
3433,1
34505,1
10515,0
29783,0
6878,1
10533,1
13056,0
25816,1
13020,1
11287,1
10874,1
20204,1
10345,1
24910,1
10578,0
38177,1
29227,1
25250,1
22791,1
12730,1
37639,0
27683,0
8378,1
34057,1
30758,0
21719,1
7453,1
37248,1
29242,0
22501,0
35829,0
11016,0
8898,0
31930,1
11912,1
11109,0
12310,1
23150,0
32692,1
20735,1
37093,1
27070,1
30132,0
28702,1
27769,0
29715,1
32318,1
33102,0
18118,1
27903,1
19042,1
26080,1
11332,0
11849,0
1062,0
37709,1
8896,1
33014,0
34872,1
31220,1
36407,1
23697,0
20506,0
25423,1
11983,1
14466,0
12078,1
5387,0
29226,0
23370,0
33601,0
18194,0
9605,0
30238,1
18436,0
32440,1
3319,1
1032,1
36519,0
36915,1
24988,1
15551,0
3252,1
36680,0
28434,0
22251,0
8988,0
21317,0
7346,1
30852,0
23496,1
14307,1
9545,1
15267,1
26871,0
23575,1
31298,1
19735,1
3801,0
14159,1
1883,1
33746,1
10522,1
3306,0
38075,0
15305,1
36946,1
36742,0
17209,1
31192,1
15244,0
15201,1
35019,1
35478,1
21430,1
8534,1
23053,1
84,0
9973,1
24161,1
21815,1
11456,1
11055,0
16743,1
18991,0
10552,1
18239,1
15478,0
22964,1
11812,1
19268,1
27587,0
4197,1
29682,0
32446,0
4187,1
21975,1
7090,0
15523,1
2596,1
31497,0
31363,1
8859,1
25198,1
38469,0
28248,1
16756,1
605,0
11074,1
33229,1
10435,0
11249,1
13619,0
11508,1
12909,1
29216,1
10823,0
14764,0
5360,1
10739,1
35607,1
31044,1
33737,1
17957,0
29963,1
37775,0
21381,1
14722,1
11528,1
10967,0
8319,1
32700,0
35308,1
35484,1
2483,1
31820,1
25133,1
10728,1
30067,1
33487,1
23199,1
18326,0
28189,1
3106,0
22424,1
28288,0
10723,1
8358,0
8486,1
9837,1
2492,1
15643,1
6377,0
32294,1
19927,0
22387,1
35069,1
30130,1
9253,1
957,0
11443,0
6593,0
26112,1
17609,0
1576,1
21352,0
13853,1
16542,0
29532,0
32487,0
14434,0
20854,1
13817,0
18260,1
13590,1
5981,1
38979,1
9201,1
33851,1
28065,0
3001,0
10454,0
33043,0
34923,1
20994,1
22256,1
27066,1
33288,1
22158,1
18108,1
38969,1
29964,0
27264,1
16955,1
24615,1
6643,0
30346,1
12705,1
20830,0
38616,0
10949,1
18011,1
37918,0
32785,0
225,1
9041,1
28931,1
22893,1
19824,0
25407,1
19292,1
25503,1
24457,1
25830,0
2273,1
28216,0
22134,1
37508,1
32569,1
12794,1
24594,0
38687,1
12415,1
25433,0
27242,1
33426,1
11283,0
34870,0
28135,1
6352,0
37817,1
2529,1
26624,1
4516,0
36882,1
8411,0
13403,0
35104,1
24461,1
10628,0
34847,1
38234,1
15326,1
5483,0
9275,1
25151,1
31217,1
15542,1
16216,0
11354,1
22738,1
15684,0
27265,1
3165,0
12828,1
38292,1
33354,1
8386,1
35432,1
7543,1
22773,1
31355,0
27976,0
13070,1
22519,0
20805,1
9529,1
25155,0
35740,1
2167,1
37381,0
5214,1
38510,1
4622,1
26067,1
37717,1
29308,1
10894,0
31774,1
22902,1
22944,1
32662,1
20258,1
35673,0
9007,0
5056,0
1837,1
1030,1
10842,1
18540,0
34780,1
31492,1
10155,1
18362,1
18525,1
30012,1
17549,0
34869,1
17426,1
26807,1
31309,0
14312,1
22766,0
16446,0
21057,0
26789,1
10747,0
9052,1
12591,1
15661,1
11423,1
22459,1
23103,1
23112,1
35512,1
23122,0
20387,1
600,1
1818,0
21894,1
32843,0
22329,1
38956,1
11818,1
22263,1
15379,1
31457,0
21478,0
39075,1
21531,0
10129,1
16473,1
19951,0
5779,0
10646,0
30332,0
12971,1
9498,1
9086,1
38778,1
7798,1
19860,0
3391,0
34897,1
31837,0
4548,0
17137,0
21231,1
23782,0
3478,1
35709,1
23759,1
24833,0
665,1
9726,1
34936,1
35545,1
21580,0
12586,1
8160,0
18539,0
4040,0
29959,1
18871,0
10244,1
35897,0
16385,0
25119,1
25436,1
1465,1
17528,1
35081,1
27016,1
23435,0
1493,1
23442,0
10808,0
26631,0
19855,1
22596,1
34099,1
10772,1
3338,0
38006,0
3348,0
19501,1
29740,1
23515,1
37481,1
23516,1
7067,1
8737,1
10448,1
37283,1
38429,1
24629,1
15715,1
25059,1
10652,1
17756,1
31587,1
1674,1
25558,1
17605,1
9330,0
9057,0
26958,0
14340,1
12403,1
7815,0
32004,1
12283,1
24549,1
21532,1
14152,0
23619,1
23287,1
10815,1
11873,1
36118,1
30807,1
18953,0
12736,0
14036,0
2885,0
28158,1
23635,1
17485,1
5579,1
27385,1
2567,1
24918,0
35228,0
11649,1
22735,1
484,1
20951,1
3414,1
36167,0
1625,0
2750,1
3729,1
17982,1
17455,1
16075,1
29621,1
11797,0
27221,1
11262,0
24936,1
34536,0
15459,1
27603,1
7340,0
27057,1
33915,1
17494,1
29366,0
23818,0
11910,1
31477,0
30538,1
32772,0
31158,1
18389,1
24392,1
19353,1
29536,1
35482,1
9866,1
11131,0
26476,0
22505,1
23758,1
10210,1
27110,1
2262,1
13677,1
15832,1
2402,0
17483,1
2103,1
35367,0
37871,1
13248,1
21881,1
3809,1
4973,1
10231,1
37955,0
16630,1
25402,0
19755,1
5594,0
6822,0
24646,0
12926,1
13440,1
24948,1
24008,1
9042,1
8860,1
10106,1
20301,0
23152,1
22956,0
4882,1
1757,1
3930,1
31498,0
847,1
27096,0
20046,1
36543,1
29170,0
12067,0
11572,1
37329,0
35694,1
34908,1
36941,0
3972,1
28928,1
39153,1
8882,0
36816,1
1144,1
8890,0
29551,0
36130,1
22765,1
37649,1
13371,1
21803,1
7834,0
14071,1
22896,0
9627,0
20164,0
12837,1
35108,0
21682,1
20152,1
34954,0
4524,0
23615,1
31116,0
32396,1
21428,1
27114,1
7974,0
5784,0
28704,1
11637,1
9655,1
15342,0
38137,0
12093,0
719,1
30818,1
16331,0
4586,1
33683,1
39073,0
21503,1
11713,1
37189,1
1071,0
8577,0
23901,0
21432,0
6000,0
21494,1
13317,1
13325,1
25039,1
8211,1
7466,1
5876,1
19015,1
32249,0
11878,1
16900,1
37296,0
22205,1
19213,0
23301,1
31095,1
21258,0
18306,1
8178,1
28301,1
16705,1
2006,1
5819,1
27661,1
21124,1
5580,1
9781,1
15309,1
36420,1
21173,1
20470,0
8158,1
22222,1
3713,1
35966,0
35854,0
10110,0
35671,0
18238,1
12303,1
7845,1
1931,0
38812,1
11958,0
6719,1
7078,0
36688,1
34984,1
11981,0
6388,0
11437,0
31628,1
8831,1
11720,1
30418,0
5524,1
16707,0
13752,1
12085,0
32482,1
18752,1
12097,1
8109,1
1978,1
32148,1
17432,0
16565,1
15968,1
38782,0
9976,0
12171,1
17954,1
42,0
5727,1
26848,1
10277,1
18673,1
36128,1
27267,1
30653,1
39097,0
15208,1
6067,1
666,1
26468,0
35538,0
38521,0
14361,1
36879,1
31071,1
17497,1
24809,1
21137,1
27019,1
35905,1
8284,0
31631,0
34005,1
24009,0
14094,1
11915,0
19262,0
13059,1
1845,1
13011,1
20623,1
31876,0
35926,0
7992,1
20564,1
4002,1
25375,1
10847,1
16268,1
19836,1
12988,1
6414,0
19181,1
395,1
1976,1
16493,0
1065,1
2066,1
20441,1
4369,1
26622,0
285,1
25324,1
38973,1
8535,1
13364,0
16683,1
8357,1
19409,1
11072,1
20739,1
12550,1
19862,1
26903,1
25984,1
20066,1
13838,0
33590,0
4929,0
9295,0
12771,1
4784,1
33741,1
33361,0
15838,1
12354,1
35641,1
693,1
1962,0
4472,1
28262,1
27636,1
20134,1
2187,1
10526,1
18150,1
32475,1
26523,0
19763,1
19096,0
7984,1
7548,1
23311,1
4071,1
13213,1
32740,0
18720,0
8106,1
13990,1
38210,1
5172,0
13207,1
19900,1
14029,0
2900,0
19873,0
24548,1
28625,0
26347,1
31760,1
11971,1
38018,0
22779,1
12940,0
19765,0
4404,1
3974,1
38156,1
5534,0
34829,1
17512,1
36070,1
20135,1
26232,0
31729,0
22837,0
12819,0
13641,1
31108,1
19577,1
16137,0
7779,1
19095,0
13827,1
12631,0
5298,1
7813,1
3209,1
38390,0
32800,1
12913,1
18232,1
8570,0
16032,0
5175,1
35575,0
6478,1
37185,1
14339,1
35919,1
6561,1
2773,0
37904,0
2412,0
23495,1
21890,1
30834,1
5412,0
29645,1
8897,1
21630,0
19373,1
30203,0
2713,0
17714,1
37935,1
17093,1
9386,0
7706,0
5399,1
31780,1
13132,1
13851,1
29412,1
4736,1
5427,1
6358,1
16506,0
13149,0
1794,1
6708,0
30408,1
19154,1
32509,1
13179,1
20216,0
35301,1
13485,1
14366,1
8545,0
7916,0
7396,1
25747,1
10442,1
5492,1
30309,1
16656,1
19030,1
39311,0
26062,0
21035,1
32117,0
503,1
15014,1
21916,1
13267,1
11779,1
18937,1
22133,0
26875,1
8141,1
6637,1
20983,1
33702,1
35537,0
21762,1
22340,1
6109,1
6479,0
9269,1
15179,1
30809,0
24384,0
32621,0
27159,1
1604,0
6500,0
7734,1
32353,1
1894,1
5026,1
12479,1
21799,0
18681,1
18693,1
31629,1
6817,1
20977,0
30322,0
9963,1
23228,1
2121,1
13530,1
12887,0
7566,1
12291,1
29513,1
32208,1
7556,1
13463,0
3079,1
19093,1
18644,1
12717,1
27732,1
32043,0
38240,1
36763,0
33431,0
14378,1
24439,0
6947,1
5382,1
26332,1
3694,1
11519,1
33299,1
36936,0
26550,1
13646,1
35075,0
13835,0
17591,1
17123,1
36460,1
13117,0
17994,0
30100,1
15106,1
12203,0
7742,0
6216,0
18155,1
17571,1
18519,1
10829,0
11469,1
2269,0
18083,1
5259,0
9011,0
20749,1
11419,0
9338,0
9533,1
18174,1
35260,1
2508,0
17278,1
22460,0
11811,1
5392,1
30196,1
20578,1
14610,1
28508,1
27929,0
35987,1
10794,0
18512,1
17926,1
36398,1
18050,0
231,1
12840,1
13687,1
1332,0
36627,0
17866,0
17859,0
31632,1
27115,1
13854,0
36165,1
6379,1
7410,1
34748,1
35153,1
16902,0
35678,1
18487,0
81,1
2770,1
15143,1
17940,1
2584,1
18268,0
11791,1
17007,1
17693,1
21134,1
19806,0
3911,1
35063,1
25370,1
13198,1
17600,1
6070,1
19110,1
26695,1
8014,1
34101,0
24995,0
34195,1
6093,1
24394,1
6816,0
11366,0
14640,0
6182,0
25568,0
6187,1
17491,1
36401,1
7311,0
25271,1
17472,1
11889,1
33490,1
36306,0
6369,1
14552,1
14208,1
19564,1
6579,1
20284,0
1515,1
4519,1
6114,1
27997,1
14642,1
2193,1
9752,0
14875,1
17773,0
34348,1
470,1
28708,0
6217,1
23754,1
35553,1
7138,1
736,0
17793,0
18971,0
31184,1
25883,0
17169,1
5810,1
15703,1
1450,0
7250,0
27273,1
12577,1
1688,1
19257,0
7195,1
6256,1
2955,1
20688,1
7216,1
13843,1
14389,1
37614,1
33081,1
1092,0
2835,1
11134,1
17004,1
4462,1
37363,1
17963,1
27064,1
29658,1
18568,1
34560,1
4032,1
25726,1
10455,1
34317,0
20541,1
36622,1
16912,1
15,0
14453,1
29707,1
27188,1
18790,0
35268,1
8742,1
39272,0
2344,0
34746,1
34527,0
6354,1
25248,1
30344,1
21477,1
2970,1
4308,1
17704,1
12712,0
18703,1
27093,1
32432,1
8051,0
13471,1
16720,1
36532,1
35668,0
24463,0
12750,0
2185,1
28003,1
16033,1
23096,1
31944,1
31665,0
21265,0
1784,1
25152,1
11955,1
21384,0
25783,0
38544,0
16550,1
10870,1
20577,0
28267,0
32347,1
8881,1
16986,1
16516,0
27400,1
20562,1
16507,1
16497,1
31314,0
1871,1
16440,0
30824,0
29460,1
18051,0
35629,1
1684,0
19291,1
17189,1
7246,0
26361,1
16572,1
15323,0
31048,1
7080,1
18544,1
5127,1
7124,0
15673,1
14491,1
30574,1
1915,1
8457,0
38105,0
32723,1
29747,0
36834,0
22752,0
38594,1
24498,1
10742,1
17495,0
6583,1
18916,0
14992,0
7112,1
11350,1
26690,1
15152,0
16161,1
16106,0
20065,1
11442,1
5203,1
25317,1
3402,1
37867,1
6646,1
16004,0
27348,1
2054,1
22500,1
34660,1
26429,1
15202,1
14938,1
28334,1
35361,0
15820,1
13900,1
36069,1
16263,0
23833,1
37175,0
22824,1
5895,0
27429,0
11238,1
15740,1
17227,1
37852,1
19481,1
25801,0
31496,0
782,1
38774,1
4960,1
15269,1
23197,1
2787,1
34160,1
26485,0
26869,0
30032,1
20931,1
6919,1
15084,0
23168,1
13808,1
36709,0
1509,0
30496,1
34222,1
15587,1
30123,0
8825,0
23992,1
14575,1
27604,0
37551,0
3661,1
38952,0
32180,1
3093,1
22111,1
26901,1
33080,0
15442,0
519,1
25358,0
27294,0
15451,1
1223,1
36005,1
37590,1
1483,1
11734,0
20584,1
23308,1
30528,1
15389,0
8628,1
14833,1
13340,1
36159,0
34426,0
33981,1
28052,0
28356,1
1445,1
22436,1
13269,1
26085,1
8544,1
26258,1
33329,1
23629,1
39264,0
38017,0
32806,1
34185,1
36313,1
24125,0
38762,0
4086,0
27243,1
27547,1
30103,1
37368,0
9928,1
29625,1
8536,1
20724,0
26058,1
9221,1
28633,1
15594,1
11551,0
25797,1
34956,1
33553,1
3266,1
29175,1
15615,1
29901,1
8967,1
1653,1
30222,0
34501,0
26326,1
5362,1
2586,1
35576,1
24070,1
22377,0
18063,1
20762,1
39151,0
12344,1
944,1
22646,1
15055,1
22316,0
26633,1
34357,1
8168,0
8575,0
29161,1
39051,1
10441,1
30372,1
33324,1
18283,1
31348,1
7325,0
13377,1
845,1
6536,1
20582,0
31005,0
33306,1
8081,1
25474,0
28361,1
19260,1
22276,1
2693,1
15076,1
34338,1
34107,0
34974,1
3676,0
28955,1
28930,1
25891,0
2704,0
908,1
18613,1
34714,1
18879,0
38352,1
9319,1
5830,1
10463,0
25067,0
28577,1
1812,1
38151,0
10862,1
38064,0
35105,1
1150,0
17322,1
19705,0
34567,0
16879,1
12614,1
588,1
1132,1
28893,1
30391,1
38993,1
30716,1
1117,1
37000,1
30767,1
2063,1
30597,0
35996,0
17393,0
3278,1
19827,1
11407,1
9388,1
25555,1
7312,1
6261,0
38600,1
16361,0
26746,1
21038,0
24638,1
19162,1
1076,1
23877,1
30840,1
3650,0
20002,1
6964,1
30146,1
18650,1
25255,1
1070,1
30887,1
1049,1
23667,1
16085,1
24026,1
6943,0
35921,1
1919,1
23399,1
28630,1
30625,1
23652,1
3078,1
384,1
3150,1
2609,0
20105,1
30984,0
9165,1
30731,0
31028,0
10833,1
17922,1
15667,0
7980,0
30331,1
15918,0
16357,1
7116,0
7239,0
28169,1
9779,1
6789,1
31053,0
29280,1
37254,1
25126,1
11079,1
21660,1
4087,1
31123,0
17364,1
4234,1
2001,1
18426,1
28409,1
9758,1
39042,0
950,0
39157,0
935,1
32975,1
19614,1
5090,1
22834,0
763,1
18751,0
14490,1
16594,0
12160,1
1388,1
6374,1
22257,1
31237,0
33199,0
6594,1
28402,1
30971,1
3375,1
1324,1
31510,1
35155,1
19938,1
38612,1
6630,0
15236,1
1765,0
11253,0
5902,1
11473,0
34640,1
12228,1
176,0
37467,1
6168,1
31362,1
26894,1
31368,1
28068,0
6323,0
36208,1
28043,1
2661,1
4414,1
12438,1
23960,1
12027,1
14526,1
35565,0
2151,1
32209,0
5216,0
31745,1
31817,0
29395,1
7881,0
14060,1
773,0
10778,0
36034,1
38980,1
23094,1
31489,1
759,1
27895,1
15409,1
5511,1
36793,1
6342,0
21282,1
31740,0
14866,1
6177,1
2222,1
8020,1
29439,1
6268,1
5693,1
7062,0
33537,1
25086,1
28836,0
17655,1
20965,1
855,1
24786,0
30958,1
20300,1
3352,1
25417,0
6143,1
11657,0
34997,0
5742,1
4476,0
31354,1
1468,0
20814,1
18987,1
26114,0
4682,1
3170,0
35385,1
28232,1
6467,1
15546,0
15781,0
7962,1
31957,1
27471,0
21180,0
19952,1
17784,0
24458,0
4211,0
2431,0
32045,0
35988,1
38305,1
36607,1
38949,1
29177,1
34627,0
14297,0
37129,0
10141,1
2130,0
2937,1
29422,1
14563,0
32146,1
6442,0
27611,1
2278,1
32550,0
12689,1
31782,1
8493,1
25913,0
811,0
15042,0
33674,0
6298,1
27874,1
3761,1
4479,0
32293,1
18695,1
29431,1
7844,1
37498,0
27166,0
14547,0
7014,1
26685,1
22354,0
29111,0
8012,1
5537,1
29892,0
22938,1
15240,1
26568,0
2258,1
31483,1
26788,1
26507,1
32437,1
5807,1
36643,1
27012,1
8103,1
33819,1
9607,0
14513,1
21908,1
6244,0
39265,0
15482,1
2791,1
4458,1
31566,1
36735,0
17179,1
38608,1
6046,1
6800,1
9018,0
11549,1
13200,1
9923,0
613,1
37874,0
16442,1
38901,0
393,1
8377,0
31601,1
18359,1
8691,1
25686,0
5007,1
4104,0
31494,1
34141,1
13331,1
32684,1
26759,1
29617,1
1500,1
12938,1
1793,0
25234,0
15350,1
5117,1
26671,1
38183,0
1495,0
10566,0
2829,0
16790,0
21713,0
38154,0
19886,0
2629,1
7407,1
7172,0
3956,0
14059,1
32872,1
16058,1
6235,1
265,0
6164,0
4703,0
2679,1
15186,1
15184,1
33908,1
28815,0
25825,0
26816,1
36277,1
25730,0
26449,1
25053,1
23969,1
2868,1
31226,1
9531,1
32055,1
23898,1
22686,1
26386,1
35803,0
26379,0
35345,0
35384,0
6589,0
24553,0
38881,0
24609,0
17594,0
38495,0
27420,1
10855,1
31008,0
25527,1
483,0
36053,1
22532,0
23617,1
2449,1
26651,0
32674,1
19657,1
27303,1
33157,1
11196,0
2088,0
33294,0
2071,1
18276,1
3296,0
11208,1
27030,0
26137,0
33171,1
30147,0
2870,1
29780,1
23583,1
28441,1
38315,0
22002,1
38887,1
9022,1
5413,0
33271,0
10467,0
22328,1
36756,0
16867,1
26170,0
23058,0
3273,1
23618,1
7225,1
6914,1
17582,0
7696,1
26229,1
28218,1
11068,0
14149,1
22566,1
6332,1
8501,1
6885,1
1694,0
18881,1
1053,1
34412,1
15622,1
14145,0
33582,1
20501,1
8138,1
26145,1
25680,1
15366,1
28919,0
25661,1
28343,1
12464,0
22844,1
36288,1
18263,0
4364,1
1524,1
36821,1
17508,1
38125,1
13366,0
21104,1
9798,1
4765,1
30047,1
2079,0
31992,1
38648,1
33045,1
30351,1
39273,1
35662,1
28532,1
14543,1
36063,1
36767,1
37651,1
15181,0
9650,1
35997,1
27906,1
17814,1
19505,1
5046,1
1334,1
36014,1
1016,0
23377,0
32641,1
1027,0
24424,1
16517,1
12251,1
30704,1
5523,1
20933,1
19818,1
32631,1
22114,1
12382,1
36952,0
27548,0
11625,0
5592,1
2807,1
17054,1
36600,1
34623,1
33656,1
12724,1
21802,1
7233,1
28538,1
20897,0
1157,1
32664,1
13998,1
35714,1
16871,1
34194,1
20981,0
33245,1
15720,1
13352,1
26063,0
7446,1
358,1
29146,1
840,1
12288,1
25498,1
37027,1
9213,1
23809,1
32164,1
32031,1
28131,1
37051,0
19315,1
18208,1
15747,1
27927,0
21506,1
34093,1
14371,1
12713,1
14713,1
24244,1
15420,0
21623,1
6415,1
9609,1
6925,1
28568,1
5246,1
24241,1
16109,1
22691,1
7343,1
19596,1
12035,1
19271,1
30965,1
7755,1
16103,1
21993,1
8949,1
6756,1
5278,1
14066,1
12595,1
27374,1
25393,1
31335,1
22278,1
13847,1
4281,0
38444,1
7658,1
25586,1
18978,1
8136,1
26336,1
2587,0
30057,0
34781,1
18597,1
26149,1
34359,0
34045,1
27034,1
28641,1
33123,1
39,1
7940,1
35792,1
7033,1
11244,1
27425,1
33869,1
16356,1
17076,0
21673,1
16125,1
29325,1
33569,1
24941,1
27763,1
30720,0
28298,1
16499,1
34198,1
24729,1
34439,1
975,0
21629,1
15046,1
3883,1
8167,0
14398,1
39156,1
9272,1
7668,1
3510,1
32555,1
38473,1
11510,1
24403,1
39087,0
20488,0
15092,1
31913,1
36513,1
10785,1
31759,1
12515,0
21446,1
5422,1
28899,1
36330,0
7661,1
24945,1
2156,1
16445,1
19480,0
17270,1
7337,1
23291,1
4943,1
27280,0
4527,1
2261,1
23453,1
9192,1
15298,1
38485,1
4440,0
33196,1
15088,1
27419,1
4654,1
10165,1
37827,1
8895,1
14619,1
23281,1
28769,1
30158,1
5982,1
1746,1
9770,0
11819,1
36271,0
30085,0
36354,1
25660,1
28852,1
4148,0
11764,0
3039,1
25013,1
6998,1
12098,0
21183,1
27581,1
11327,1
35908,1
22993,1
30588,1
5258,1
12526,1
8364,0
1401,1
34293,1
28772,1
23776,0
4322,1
36780,1
15102,0
2423,1
8481,1
9556,1
15780,1
8376,1
19037,1
38012,1
6828,1
35725,0
7680,1
20973,0
20893,1
3455,1
35364,1
39245,1
33787,1
7467,0
12723,1
10137,1
22760,1
21221,1
11571,0
33475,1
34020,1
1550,1
27138,1
22759,1
12915,1
9617,1
21754,0
29743,0
6199,1
9843,1
26050,1
37873,1
38248,0
37187,1
13831,1
7217,0
2603,1
26387,1
22763,1
12824,1
22274,0
15963,1
10350,1
16990,1
18141,1
5199,1
10724,1
14189,1
31267,1
21427,1
34849,1
34051,1
596,0
10439,1
5148,0
6849,0
31773,1
37477,1
16290,1
33635,1
31718,1
25262,1
29238,1
1503,1
8446,0
36533,0
6076,0
21346,1
18531,1
15028,0
34260,1
37800,0
595,1
1544,1
10991,1
11187,0
16798,1
18875,0
5160,0
37420,0
8722,0
14177,0
19997,0
10382,1
11346,1
6385,1
20206,0
20831,1
4244,0
33579,0
1647,0
3710,1
15476,1
36397,1
6224,0
24183,0
77,0
25204,1
23962,1
32782,0
16295,0
12010,1
10602,1
948,0
9361,0
30040,1
1399,0
13739,0
9320,1
18461,0
37506,0
14535,1
22553,0
26207,0
19706,1
17839,1
6328,0
9577,1
8877,0
17079,0
7336,0
22454,0
23997,0
38332,1
4042,0
34544,1
19809,1
15162,0
3413,0
11293,0
20882,0
13664,1
15116,1
16706,0
27615,1
471,0
836,1
33175,0
7155,1
664,0
21284,0
30849,0
2271,1
27872,1
22145,0
1390,0
16023,1
25273,1
34299,1
23964,0
19430,1
38698,1
20003,0
4025,0
35383,1
29089,0
24146,0
11411,0
25043,1
35807,0
15548,0
22822,1
6865,0
447,0
29240,1
27237,1
31636,0
34062,0
1557,1
10611,0
26202,1
15266,0
3579,0
12238,1
9622,0
15198,1
8225,1
5851,0
11768,0
4257,1
8110,0
26687,0
22706,0
30426,1
26636,0
12162,1
6430,1
4139,1
36950,0
6651,1
35850,0
36862,0
26124,1
13214,0
2069,0
337,1
3397,1
39251,1
468,1
3730,0
37095,0
36776,1
3332,0
33523,0
32963,1
38279,0
30733,0
7089,0
5393,1
16022,0
36705,1
1139,0
7420,1
8187,0
26042,0
1366,1
13224,0
14436,1
36591,0
38111,0
19424,1
14135,1
27827,0
17998,0
11795,1
12376,0
32165,0
22927,0
13640,0
14356,1
2477,1
22085,0
15549,1
13401,1
13987,0
27135,0
28308,1
13941,0
12587,0
6156,0
21085,0
36379,1
37676,0
29436,0
2982,0
19924,0
13696,0
23719,1
7515,1
23806,1
1867,1
34481,0
8778,0
1911,1
29112,1
11098,0
12696,0
10889,0
20330,1
36623,0
31854,0
38349,1
13176,0
24884,0
37522,1
38093,0
20479,1
3401,0
16133,0
12984,1
1441,1
2061,0
7317,1
20943,0
27631,0
5405,0
16907,1
19322,0
1026,1
32828,0
25177,0
3566,1
26203,1
8032,0
28800,1
10601,1
38645,1
9145,1
12126,1
19782,0
39250,0
15801,0
20197,0
26620,0
34515,0
1225,0
29021,0
31461,0
19790,0
5208,0
643,1
28974,0
15732,0
26365,0
29799,0
18944,1
22709,0
1297,0
7268,0
33614,0
10041,1
37070,1
22071,0
24692,0
27038,0
17046,0
31463,1
8819,1
1872,1
31644,0
8399,0
31172,1
20430,1
993,0
1989,1
35934,1
31722,1
13545,0
192,0
39244,0
34437,0
26874,0
9107,0
31588,1
20790,0
30714,1
29079,1
7416,0
6278,1
5520,0
4575,0
3356,1
16322,0
21086,0
27775,0
22600,0
11954,0
6934,0
26154,1
17316,1
23582,0
26910,0
2656,1
35884,0
34136,1
19199,0
2448,1
21488,0
21356,0
2250,1
17172,0
25975,0
22835,0
7837,1
23811,0
17908,0
27870,0
11023,0
3238,1
16511,0
7150,0
1175,0
3313,0
33187,0
34878,1
27249,0
7294,1
32995,0
17831,0
32095,0
26573,0
5959,0
12350,0
6112,1
4432,0
36784,0
21027,0
26111,0
6389,0
10411,0
12642,0
21034,0
33875,0
20191,0
23926,0
35428,1
29552,0
22183,0
1739,0
20018,0
4225,0
25873,1
9706,1
28750,0
17874,0
9618,1
36741,0
14721,1
25735,1
23718,1
36340,1
15668,1
24479,1
8912,0
29025,0
29761,0
23309,0
13441,0
21582,0
28228,1
35457,1
6263,1
3250,0
23631,0
6893,0
21098,1
38662,0
31208,1
34507,0
9971,0
2053,0
2935,0
7022,0
2565,0
18037,1
35235,0
25116,1
25744,0
37796,0
38860,0
2897,0
28201,0
33244,1
610,1
29447,0
16559,1
28432,0
25684,0
26173,0
22542,0
1246,0
18425,0
16772,0
8892,1
31365,0
37441,1
37141,0
19077,1
11015,0
18244,0
24696,1
21782,0
39071,0
10592,0
8990,1
8520,0
17785,0
30943,1
2996,0
25368,0
28418,0
34420,1
25507,0
18421,1
5449,0
12321,0
12295,1
4176,0
19524,1
25609,1
26709,1
3795,0
20276,1
30405,1
8867,1
349,0
36349,1
34832,1
29631,1
7141,1
14671,0
25500,1
27797,1
31162,1
27000,0
11857,1
29820,0
35506,0
21553,0
27275,1
20148,1
3752,1
13926,1
36743,1
28064,0
29943,1
30970,0
11875,0
14616,1
26345,1
19858,0
6581,1
15738,1
36681,0
33606,1
36214,1
9259,1
11996,1
16483,0
4692,1
12036,0
10897,1
30967,1
37486,1
9466,1
5828,1
474,1
4617,1
12099,0
4159,0
26255,0
32870,0
39227,0
12816,1
23990,0
34238,0
23848,1
1703,1
20600,1
32406,1
35564,1
12620,1
20788,0
20812,0
12242,1
501,0
38918,1
10759,1
16286,1
35486,0
38851,1
15155,1
15390,1
23778,0
19542,1
32611,1
35353,0
35846,1
38549,1
38683,1
25978,1
18826,1
22821,1
34723,1
23484,0
2755,1
20836,0
10542,1
3070,1
5461,1
23554,1
7259,0
11355,1
23999,1
22931,1
37792,0
28572,1
30066,1
8514,0
39089,0
9859,0
23247,0
6729,1
2578,0
25240,1
7775,1
9741,1
18538,0
2014,0
28344,1
7906,1
38573,1
11539,1
26181,1
14525,0
31207,1
19422,1
23879,1
35271,0
34207,1
26656,0
37927,1
26960,1
7656,1
17830,1
10892,1
23421,1
14779,1
38739,1
26515,1
32211,1
25111,0
37723,1
18045,0
34833,0
24291,0
20641,1
27337,1
32813,1
6043,1
1607,0
21433,1
37159,1
30393,0
25497,1
39000,1
2116,1
24272,1
37037,1
24482,1
24284,1
10557,1
32086,1
25277,1
7400,1
33197,1
12432,1
26252,1
14769,1
28818,1
33060,1
23822,1
36645,0
38134,1
24412,1
38771,1
28595,0
13252,1
24526,1
10338,1
2146,0
32072,1
13620,1
12570,0
29140,1
18667,1
4786,1
11836,1
933,1
7760,1
33252,1
37941,1
33342,1
16094,1
2078,1
38176,1
20653,1
9079,1
28464,1
13722,1
8607,1
21931,0
34873,1
11116,1
7967,1
30870,0
14290,1
28129,1
23864,1
4420,1
7761,1
35670,0
13290,1
31697,1
33870,1
27462,1
4083,1
18566,0
1083,1
34791,1
450,1
22661,1
16110,1
2132,1
4761,1
32213,1
8154,1
13520,1
21455,1
38895,1
20499,1
8656,1
637,1
15124,1
21082,0
14994,1
38656,1
10474,1
9667,1
11775,1
6269,0
31622,1
16184,1
13731,1
20974,0
37030,1
30805,1
6172,0
8204,0
31610,1
10732,0
29458,1
21142,1
19570,1
628,0
11635,1
38994,0
21066,1
18648,1
5455,1
35631,0
31679,1
602,1
23460,1
15836,0
12523,1
8674,1
23338,1
10122,0
36908,0
25045,1
5176,1
1577,1
9733,0
26289,1
14277,1
36940,1
38184,1
37519,0
2002,0
17500,0
9170,1
3200,1
32383,1
35691,0
9949,1
30395,1
31091,0
32598,1
36241,1
20347,1
22978,0
12155,1
14681,1
36180,1
10725,1
24249,1
18097,1
34608,1
8203,1
27849,1
36011,0
13391,1
5165,1
36025,1
33391,0
25257,1
32867,1
38733,1
30199,1
15818,1
26405,0
31273,1
24375,1
28511,0
33548,1
25023,1
2533,0
18731,1
34658,0
19133,0
5250,1
22325,0
16825,0
12237,1
27933,1
28266,1
10006,0
16191,0
30663,1
22280,1
8150,0
22742,1
15467,1
33191,1
8872,1
18787,1
110,0
15837,0
16134,0
19608,1
33143,1
26835,1
33789,1
22937,1
29384,0
11078,1
35016,1
9455,1
36002,1
14423,0
39114,0
20220,1
39237,1
7550,0
26529,0
19532,1
20198,1
913,1
270,1
25225,0
37098,1
8585,1
30261,1
10554,1
31187,1
15835,1
28948,1
16366,0
30311,1
5385,0
10189,1
9652,0
2434,1
35161,0
11663,0
13947,1
1180,1
16462,0
25115,1
18980,0
25385,1
12369,1
165,1
17863,1
20646,1
30389,0
15913,1
16806,1
6420,1
23878,0
37588,1
13302,1
36462,0
19350,1
6897,1
4321,1
27744,0
29482,0
35470,0
1048,0
23694,1
25673,1
3085,1
27701,1
942,1
15192,1
25724,1
39256,1
11766,0
11567,1
30334,1
24166,1
17752,1
6240,1
504,0
23565,0
28971,1
28908,1
7455,1
14204,1
15005,0
8637,0
33192,0
37726,0
1527,0
12937,1
31531,0
31878,1
29988,1
5833,0
24452,0
4939,1
11364,1
18654,1
25968,1
31692,0
38038,1
4727,1
35152,1
23144,0
35980,1
7767,1
33520,0
8484,0
23593,1
19335,1
33907,0
11568,1
10059,0
14424,1
4430,0
19190,1
21017,1
4347,1
19680,1
7877,1
24235,1
17214,0
29518,0
4905,1
28242,0
20443,1
14130,1
2328,0
31404,1
21490,1
27026,0
38692,1
700,1
5825,0
32120,0
37422,1
20840,0
915,1
9594,0
24741,0
25896,0
17358,1
39225,1
4886,0
22648,1
16953,0
34410,1
8107,1
21090,1
30054,1
34855,1
21244,0
3908,1
3426,0
35752,1
11161,1
34978,0
11106,0
7800,1
36304,0
1176,1
35734,1
8126,1
5166,1
3243,1
22407,1
34903,1
9638,1
6504,1
11671,1
27854,1
3739,1
4105,1
7552,1
1436,1
15038,1
33975,0
36981,0
34211,1
2881,1
2831,1
32501,0
15610,0
11919,0
8601,1
35895,0
32173,1
33667,0
21642,1
2117,0
7521,0
16425,1
27185,0
23026,1
32688,1
38928,0
10721,1
18625,1
15487,0
4171,0
3894,0
18735,0
24454,1
36734,0
37765,0
34268,1
5009,1
13380,1
8188,1
30417,1
15066,1
5951,0
6686,1
7326,0
6627,1
30364,1
7075,0
28988,1
14217,0
18084,0
6122,1
5509,0
8916,0
659,1
5508,1
18008,1
26531,1
37850,0
16732,1
15575,0
22172,1
24855,1
29771,1
28934,1
25140,0
5249,1
7846,1
18355,1
15619,0
29553,1
11258,0
1422,0
5593,1
11224,0
1573,1
39226,1
92,1
30447,1
661,1
11780,0
16603,1
37566,1
27189,1
1185,0
2934,0
3335,1
20516,1
10720,1
6343,1
33748,1
6025,0
2259,1
5276,1
5092,1
24975,1
13865,1
6273,1
1090,1
3655,1
14270,1
23903,1
29758,1
17190,1
4241,1
20303,0
12082,1
33707,1
20440,1
32093,1
8059,1
27117,1
11323,0
3732,1
11793,1
3211,1
2922,1
20875,1
16587,1
18514,1
15310,1
24053,0
3462,1
24253,1
11280,1
25188,1
34540,1
29342,1
16074,1
14667,1
33495,1
15043,1
32256,1
27972,1
31965,1
3033,1
7288,0
11715,1
6154,1
10050,1
24886,1
21893,1
23568,0
35148,1
14259,1
22744,1
25828,1
4355,1
14755,0
1805,1
15721,1
15426,0
15387,1
22006,1
11847,1
9357,1
38088,1
8398,1
22554,1
34970,1
23077,1
2783,1
16376,1
12007,1
28358,1
29676,1
34018,0
18857,1
31433,1
27072,1
4915,1
6829,1
2799,1
12395,1
3784,1
16389,1
1901,1
22433,1
25320,1
37497,1
29589,1
24276,1
17382,1
23458,1
14034,1
15986,1
13697,1
32538,1
14320,0
22689,1
17283,1
12034,1
34707,1
12700,1
38252,1
14886,1
38110,1
30766,1
28627,1
2439,1
11113,1
5073,1
2504,1
33439,0
4442,1
38927,1
3429,1
16812,0
19286,1
10459,0
1209,1
28878,1
6946,1
17461,1
3147,1
12204,1
12957,1
36914,1
18394,1
17779,0
18628,0
5201,1
35187,1
31174,1
2976,1
8587,1
10327,1
17405,1
20631,1
31093,1
27696,1
33652,1
17151,1
13158,1
2155,1
29393,1
25685,1
22610,1
12328,1
34813,1
23727,1
14597,1
35938,1
9864,1
25109,1
19600,1
30198,1
6884,1
13779,1
5673,1
4741,1
970,1
35989,1
2745,1
1165,1
37264,1
20080,1
21944,1
36676,1
13558,1
19616,1
3247,1
8464,1
23676,1
10123,1
7307,1
33369,1
32633,1
38280,1
23472,1
29816,0
541,0
13225,1
36178,1
33132,1
37767,1
30144,1
31617,1
20722,0
28695,1
32899,0
23897,1
1750,0
4772,1
22384,1
36051,0
29544,1
31605,0
27217,1
29576,1
12297,1
29791,1
35813,1
20751,1
7591,1
8784,1
32280,1
31838,1
14558,1
26563,1
29852,1
12006,1
10299,1
15821,1
17108,1
24899,1
30361,1
8445,0
30078,1
2673,1
33006,1
30565,1
24953,1
31234,1
37946,1
36744,1
18294,1
37885,1
2443,0
15602,1
35122,1
39026,0
20289,1
20635,1
21133,1
2846,1
1215,1
31471,1
32326,1
8755,1
12110,1
18777,1
32455,1
37350,1
28415,0
29181,1
20076,1
25990,1
39207,1
19664,1
14079,1
19610,1
17554,1
23819,1
36785,0
18882,1
1122,1
36148,1
20092,1
35433,1
23171,1
13547,1
7698,1
31254,0
30889,1
3892,1
28059,1
8869,0
27694,1
33736,0
22722,0
32965,0
30468,1
12866,0
12806,0
35863,1
38107,0
647,1
18400,1
20962,1
25758,0
17725,1
22159,1
23157,0
11822,0
15235,0
20937,1
35824,1
4619,0
5921,1
27888,1
19615,0
17152,0
13053,0
629,0
21391,1
1671,0
4247,0
23469,1
18014,1
22156,0
776,1
22420,0
19053,0
29390,1
13074,0
9075,0
13124,0
7850,1
13283,0
19560,0
6222,0
15004,1
26618,1
7875,0
14435,0
6319,0
30383,0
12315,0
19055,1
5842,1
21523,1
421,1
16893,1
8920,1
18931,1
35720,1
24042,1
21868,1
14678,1
4049,0
13992,0
27538,0
28804,0
32573,0
17556,0
15751,0
26981,0
7297,0
30312,0
22608,1
18225,1
180,0
28175,1
29281,0
6517,0
19112,1
25619,0
39135,0
36309,0
1943,0
682,0
37183,0
31765,0
19807,0
3808,0
29554,0
16395,0
22819,1
33095,1
27907,0
15376,0
30755,0
1115,0
26360,0
31126,1
16969,0
3293,1
14631,0
1650,0
29152,0
5179,0
21293,0
16523,0
18095,0
38968,0
7587,0
16604,1
3118,1
23336,0
22814,0
25452,1
28549,0
5302,1
23690,1
36506,0
6921,1
23599,0
35699,0
1383,0
28677,0
32959,0
25846,0
34247,1
7610,1
36652,0
1856,0
9200,1
20891,0
16270,0
21573,1
983,1
3922,0
22587,0
37912,1
7164,0
14341,0
33623,1
5540,0
29479,1
4746,0
34905,0
37110,0
10040,0
22288,0
32710,0
12890,1
8441,1
13636,0
7004,1
422,1
13688,1
31638,0
26668,1
1475,0
561,0
23299,0
2416,0
13315,1
12854,0
37399,0
4919,0
28874,0
13343,1
16162,0
24307,1
7044,1
32303,1
3111,0
29739,1
16589,0
11901,0
25084,0
6329,0
17115,0
986,0
27576,0
33894,0
35184,1
9675,0
8794,1
7745,1
30387,0
11153,1
10198,0
841,1
18135,0
31394,0
4491,0
20210,1
1494,0
21339,1
12483,1
2936,1
16695,0
35839,0
7037,1
37834,1
17064,0
2997,0
9088,1
15400,1
35857,1
20251,0
2131,0
13625,1
14455,0
29908,1
33000,0
31373,1
18255,0
11943,0
4624,1
30590,0
36230,1
38861,0
28842,1
23367,1
20001,0
28987,0
27669,0
3723,0
28152,0
37453,0
17356,0
25729,0
14138,1
28414,0
11655,1
25644,0
12795,1
21879,0
6038,1
26451,1
23219,0
22795,0
14480,0
7995,0
1891,1
22067,0
157,0
35245,1
39004,0
27334,0
8505,1
11894,1
15749,0
6060,0
15894,1
22758,1
16600,0
28669,1
12046,1
7273,0
16212,1
33948,0
19613,1
2776,0
10025,0
27388,1
11136,0
21722,0
30431,1
3241,0
16010,1
24908,0
30000,0
7032,0
14842,1
174,0
33268,0
38411,1
20045,0
34550,1
6094,0
32574,1
15206,0
31366,1
38989,1
701,0
14166,1
37517,1
32650,1
36233,0
4514,0
16378,1
37442,1
29046,0
38795,0
32854,0
123,0
28145,0
19738,0
4223,1
14321,0
5,0
19555,0
20923,1
32339,0
35633,0
7145,0
21992,1
20813,0
580,0
8998,0
9471,0
20966,0
9289,1
2838,0
23946,1
23104,0
21756,1
29305,1
8423,1
33289,0
14191,0
3379,0
4338,1
33051,1
25481,1
18404,0
2291,0
32878,1
38657,0
10466,0
11557,1
6150,0
29174,0
38785,0
4201,1
7406,1
1287,0
1513,0
30944,1
23405,0
8402,0
23427,1
12340,0
35473,1
33594,0
30488,1
23499,1
28060,0
31453,0
14514,0
6210,0
5879,0
25033,0
38644,1
8424,0
2499,0
34793,0
30851,0
24447,0
38744,0
7463,1
15960,1
12356,0
31455,0
16444,1
38854,1
37219,0
37119,0
29462,1
6173,0
30780,1
16404,1
38080,1
2675,0
11487,1
33297,1
37697,1
11582,1
10088,0
32360,0
21362,0
2736,0
3605,0
9659,1
14767,1
2406,1
12706,0
25974,1
13539,0
6286,0
3019,0
15045,0
16271,0
14314,0
5167,1
18839,1
12473,0
12040,0
24753,0
12086,0
11699,0
30342,1
25170,0
23760,1
5829,1
38375,1
6782,1
5794,0
7679,1
30117,0
5905,0
30310,0
30438,1
11804,0
20970,0
37221,0
23360,0
28668,1
15112,0
7824,1
30477,0
32532,0
19904,0
12267,0
17529,0
21645,0
33597,1
2225,0
14128,0
1876,1
36440,1
6206,0
24402,1
12183,1
29986,1
4441,1
14598,1
32968,1
26060,1
19553,0
38157,0
6252,1
12554,1
24661,0
26315,1
26691,0
23254,0
26470,0
8899,0
13489,0
12186,0
14546,1
35047,0
33259,1
2836,1
29843,1
23140,0
2645,1
19062,0
25529,1
30858,0
18664,0
19892,0
28746,1
136,1
19008,1
20744,0
18592,0
34066,0
10462,1
20113,1
11206,1
30370,0
38737,0
16828,0
5487,1
19132,1
283,1
9824,0
32459,1
19122,0
20714,0
11001,0
25829,0
8040,1
30577,1
3947,0
4456,0
19598,0
5271,1
35821,1
38675,1
19649,1
2041,1
28285,1
23011,1
27011,1
3492,0
7714,1
38209,0
23755,1
35064,0
39176,1
865,0
29386,0
25810,1
37734,0
14494,1
13100,1
22630,1
1282,1
31196,0
23080,0
31143,1
29828,0
27391,1
1098,1
29076,0
22726,0
28768,0
7699,0
36032,1
3624,1
10824,1
12849,0
37435,1
1096,1
13174,1
11229,0
33607,1
38174,1
35776,1
12930,1
32391,0
31168,0
23537,0
18760,0
3132,0
27531,1
1222,0
16864,0
4384,1
16579,0
19687,0
5097,1
21909,1
22177,1
9964,0
7517,1
32815,0
22429,0
9505,1
13833,1
34312,0
3737,1
27469,1
6063,1
36301,0
36149,1
29475,1
37776,0
12821,1
35525,1
3929,1
27751,0
33181,0
30983,0
27069,1
24821,1
38623,0
16614,1
27168,0
1636,1
33687,1
3831,1
39238,1
35147,1
29796,0
23604,1
21089,0
10635,0
6435,0
15987,1
11532,1
3220,1
32240,1
25449,0
36183,1
17757,0
3481,1
11665,1
9191,1
10093,0
19475,0
14033,0
22254,0
29119,1
16060,1
19149,1
35124,0
31072,0
1751,0
35210,1
2543,1
10202,0
38401,1
22623,0
1836,0
6185,0
25081,0
25472,1
23372,0
4115,0
23912,0
24259,0
19161,1
1330,1
13598,0
22052,1
28206,1
38158,0
18471,0
16226,1
1920,0
24383,0
30039,1
18677,1
13130,1
28394,0
2033,1
17769,1
34085,0
9955,1
12294,1
21274,1
29699,0
436,1
26274,1
2283,1
18467,0
26295,1
29971,0
9969,0
38551,0
7830,1
1540,0
34325,1
33345,1
37380,1
29398,0
33373,0
31932,0
13067,0
34071,0
23149,1
30541,1
38765,0
14105,0
13201,0
5988,1
5729,0
14974,0
1616,1
29156,1
1034,1
9707,1
5824,1
16966,0
33493,1
38834,1
14802,0
3159,1
727,0
29097,0
13147,0
24618,1
21972,0
7608,0
29725,1
5021,0
14837,0
32064,1
9351,0
37729,1
10394,1
13191,0
22081,1
33221,0
16452,0
22708,1
3015,0
38504,1
3514,0
38172,0
18589,1
27671,0
7814,0
25390,1
10698,1
14372,0
35226,0
12273,1
31499,0
16918,0
5924,1
2570,0
1994,0
361,1
8009,1
30219,1
18318,0
12477,0
35872,1
35065,1
18946,1
37958,0
14032,1
13415,0
32430,0
10769,1
4284,1
24905,0
38340,0
35224,0
31063,1
34787,1
23084,1
37937,1
19306,1
20515,0
16278,0
25581,1
11222,1
33236,0
10868,1
37138,1
1514,1
10986,1
33246,0
804,0
26967,0
16241,0
20318,1
14601,0
35300,1
24789,1
31280,0
4315,1
37419,1
13674,0
499,0
9276,0
37311,1
1312,1
21463,0
1121,0
24599,0
9868,0
29349,1
3927,0
15783,1
13461,0
7585,1
20471,1
7485,0
8931,1
5232,0
7168,1
35616,0
34680,1
36177,1
6900,1
16891,1
37292,0
38448,1
10529,1
35178,1
8217,0
12551,1
25843,1
9631,1
25807,1
16080,0
20140,1
21904,0
4111,1
19571,1
33151,1
2518,1
5845,1
26503,0
22406,1
540,1
21957,1
3913,0
37243,0
19599,1
31613,1
30825,0
28892,1
23202,0
22874,0
12166,1
29763,1
9901,1
14350,1
24713,1
24801,1
6507,1
7839,1
15666,0
8675,1
38123,1
10142,1
9188,1
25615,1
17713,1
10810,1
14615,1
13381,1
11403,1
10521,1
25785,1
31171,1
25809,1
6823,1
19408,1
35009,1
6791,1
13658,1
38655,1
33376,1
28807,0
29310,1
26070,1
25880,1
26108,1
19911,0
14471,1
6523,1
26159,1
38880,1
10019,1
15438,1
30381,1
2754,1
37404,0
13540,1
36641,0
30563,1
35302,1
38034,1
3042,1
11765,1
38870,1
24115,1
6384,1
22644,1
22680,1
19193,1
23459,1
16459,0
11128,0
36153,1
9950,1
3819,1
26535,1
38933,1
27526,1
23659,1
25260,1
24868,0
14160,1
14687,1
37309,1
38342,1
35035,1
26765,1
15933,1
29347,1
35091,1
38924,1
24668,1
15972,1
1186,0
20032,1
33782,0
36457,0
12311,1
25268,0
8065,1
19358,1
29299,1
9265,1
23952,1
18119,0
25221,0
20188,1
4512,1
36966,1
21254,1
26613,1
7624,1
20367,1
20625,1
38751,1
28114,1
20249,1
4778,1
37216,0
33931,1
17832,1
6012,1
18284,1
31757,1
3046,1
8590,1
7518,1
12563,1
38324,0
12471,1
29057,1
33866,1
27245,1
7659,0
3567,1
23176,1
3519,1
15154,1
27908,1
494,1
1705,1
23215,1
36092,1
3367,1
7344,1
4427,0
11239,1
30326,1
37576,1
5038,1
13320,1
26702,0
7700,0
30781,1
6936,1
17825,1
36520,1
315,1
14387,1
2580,0
8974,1
29686,1
9797,1
18761,0
30445,1
33692,0
9488,0
36430,1
5852,1
32234,1
20557,1
18996,1
2800,1
7088,1
4520,1
22176,1
24020,0
33032,1
32536,0
4209,1
16616,1
4982,0
34010,1
31883,0
29372,1
32773,1
10547,1
1218,1
3602,1
20235,1
15675,1
24119,1
3233,1
17723,1
36260,0
23110,1
21838,1
38119,1
30275,0
4812,1
7671,1
39233,1
10490,1
10814,1
39034,1
1295,1
7915,1
39062,1
10023,1
14630,1
8164,1
22479,1
36837,1
5241,0
16251,1
23063,1
3840,1
27785,0
13466,1
11112,1
11058,0
38368,1
9688,1
14976,1
3529,1
486,0
32498,1
30964,1
28221,1
13581,1
21679,0
31036,1
3222,1
25107,1
29275,0
25553,1
16733,1
1377,1
29817,1
22422,1
29357,1
17844,1
20815,1
25484,1
37685,1
548,1
38914,1
2919,0
19537,1
7023,1
25521,1
31833,1
29709,1
6785,1
8704,0
25217,0
9036,1
38873,0
16857,1
32147,0
4993,1
25352,1
10396,1
15504,1
8756,1
8715,0
12030,1
36261,0
31737,1
25709,0
36724,1
19516,1
15483,1
3597,1
36396,1
6718,1
24557,1
4341,1
24845,1
33517,1
19789,1
27629,1
824,1
22581,1
24114,1
30842,1
23008,1
10924,1
1270,0
5771,1
1164,1
8101,1
5873,1
24856,1
27167,0
30536,1
4827,1
33168,1
14734,1
7563,0
10149,0
31683,0
792,0
24287,0
28812,0
13919,1
30962,0
37482,1
37382,1
4928,1
36101,1
16760,1
30925,0
21664,0
32983,1
14628,1
249,1
29287,1
4092,1
9728,1
9541,1
18116,1
21871,1
24204,1
23825,1
21165,0
10866,1
11158,1
25493,1
7715,1
25008,0
1094,0
173,1
13027,0
8853,0
29865,1
6147,1
8056,1
13634,1
20918,1
1241,0
27501,0
16352,1
24083,1
6910,1
26156,1
2265,1
4318,1
26805,1
20077,1
14638,0
37748,1
31042,1
8696,1
867,0
14840,1
36595,1
37626,1
1902,1
28699,1
33854,1
27796,1
13223,1
28018,1
34158,1
24534,1
22529,1
21343,1
6396,0
19393,0
12020,0
9017,1
16886,1
25958,0
307,0
10254,1
29350,0
13824,1
23031,0
12919,0
32622,1
22611,0
99,1
12456,0
31520,1
30543,0
37424,0
31495,1
8263,0
11336,0
33549,1
482,1
36073,0
797,0
8701,1
144,1
642,1
36253,0
5425,0
35690,1
20230,0
18282,1
29253,0
703,0
31561,1
37554,0
4386,1
16360,0
26792,1
27554,0
17476,1
31735,1
32124,0
21393,0
11597,1
3412,0
36963,1
32862,0
256,1
13543,1
22767,1
34646,1
15943,0
7817,1
2421,1
21179,0
28124,0
23851,0
5096,0
25001,1
31114,0
30388,1
36054,1
33913,1
23933,1
31963,0
13639,1
28111,0
35030,1
20957,0
11376,1
3539,0
578,0
34996,0
5015,0
19870,0
10909,0
14936,0
38719,1
17871,0
34214,1
4015,0
6568,0
9737,0
17289,0
25404,1
32242,1
10546,0
36832,0
19856,0
37139,1
12080,0
16741,1
32267,1
33663,0
23461,1
14075,0
27215,1
7956,0
4949,1
19978,1
6657,0
27329,0
37965,0
14344,1
5780,0
23519,0
21127,1
2136,0
15086,0
16975,0
20527,1
28717,1
6056,0
23151,0
16674,1
30016,0
26302,0
37691,0
30987,1
26157,0
5150,0
12714,1
1137,0
18481,0
12641,1
3749,0
22757,1
16530,0
1118,1
2220,0
12201,0
8279,0
23001,0
39019,1
11613,1
32184,0
32595,0
39231,1
23698,0
111,0
8185,1
19819,1
18227,0
13345,0
7944,1
35563,0
29468,1
20132,0
7106,1
36133,1
1660,0
4406,0
9825,0
34374,0
27233,0
35292,1
19275,0
39110,0
6696,0
30141,1
16054,0
30128,1
23672,1
33762,1
24177,1
31572,1
1105,0
27044,1
36314,1
38271,0
12708,1
27238,0
35370,1
24298,1
30877,1
185,1
3382,0
30666,1
11025,1
31436,0
34708,0
34392,1
35378,0
6471,1
22969,1
20838,1
9636,1
25487,0
24523,1
24540,0
26009,0
24574,0
3918,0
24581,1
25362,1
25319,1
29702,1
36096,1
35578,0
37645,0
13161,1
2720,0
26941,1
30624,0
32454,1
21011,1
15628,1
29096,1
14818,0
32904,0
29060,0
15068,1
18808,1
32348,1
25282,0
24432,1
19461,1
23436,1
6738,1
35357,1
5505,0
7577,1
35088,0
2802,1
35164,0
26891,1
30347,0
16362,1
18775,1
18001,0
31964,1
10493,0
25806,0
5381,0
1941,0
18593,0
7258,1
29312,0
3679,0
28546,1
6146,1
8795,0
21659,0
5068,1
37536,0
38888,0
32892,1
35365,0
12682,0
24211,1
89,0
10863,1
26288,0
38849,0
21243,0
29627,1
10284,1
7368,0
4605,1
2716,0
30276,0
38897,0
10051,0
31730,1
18932,1
22122,0
31173,0
37895,0
26719,0
35333,1
21925,0
21516,0
26837,1
4847,1
3224,1
12324,0
5304,1
3446,0
8498,0
34742,0
16084,1
9159,0
5839,1
38649,0
36490,0
10194,0
18869,0
1444,0
3253,1
147,0
37194,1
13820,1
34329,1
25546,0
26306,0
18082,0
15809,1
14701,1
10643,1
9985,0
18012,0
9285,1
10166,1
33189,1
33314,1
25865,1
33076,1
31294,1
9599,0
37127,0
31139,1
37005,1
23502,1
1284,1
20085,1
32032,1
34962,0
28026,0
32791,1
38940,0
6087,0
30313,0
13585,1
7277,0
16484,1
8347,0
16634,0
37035,1
10049,0
30138,1
17743,1
28884,1
7020,1
6890,1
6366,0
6920,1
30017,1
11658,1
18236,0
29687,1
19265,0
36996,1
27684,0
28027,0
34024,0
3885,1
18614,0
765,0
13973,0
10489,0
16264,1
21886,1
14359,0
36810,0
32860,1
18357,1
38318,1
15294,0
8047,1
21426,1
2390,1
14899,0
9072,1
29706,0
15165,0
36439,1
8657,1
19426,1
24528,0
18470,1
10346,0
20149,1
19469,1
26340,0
17161,0
650,0
872,1
27065,1
3921,1
30264,1
36889,0
5532,1
19568,1
19691,1
4874,1
15337,1
36432,1
3844,1
3704,1
23921,1
29167,0
29322,0
31791,1
21508,1
9551,0
32136,0
17308,1
4751,1
19585,1
26436,1
25715,0
2245,1
22336,1
6864,1
10773,0
35059,1
16649,1
6089,0
25613,1
8096,1
25243,0
32767,1
7897,0
9263,1
31756,1
5616,1
32804,1
24313,1
12463,0
30843,1
13659,0
38586,0
32771,1
4602,0
21074,0
8516,0
22077,0
16380,0
38500,1
35293,1
18093,1
4494,1
7229,0
37026,0
4807,0
38377,1
1665,0
18204,1
13319,1
16230,1
12136,1
1581,0
33414,1
38259,1
5778,1
32802,0
11315,0
6999,0
16306,1
22496,1
19994,0
668,0
7787,0
16773,1
16302,1
27776,1
32444,1
24750,0
37426,0
16312,0
28375,1
18354,0
8532,0
38424,0
23444,1
25327,1
2873,1
6699,1
7424,1
17760,1
28839,0
2724,0
22242,1
29410,1
25796,0
23246,1
32527,1
26271,1
17829,1
38450,0
15988,0
2637,1
11950,1
33447,1
5705,1
35455,0
13976,1
18109,0
35559,1
7885,0
2849,0
4069,0
31411,0
39186,0
13185,1
36537,1
16549,1
20212,1
20254,1
22441,0
34865,1
23634,0
27980,1
22359,1
27512,0
35681,1
7643,1
10102,1
37065,1
11143,1
35975,1
17904,0
16826,0
1197,0
9703,1
14641,1
15583,1
37837,1
1683,1
5005,1
28191,1
32668,0
13686,0
37146,1
21913,0
37661,1
18601,1
21093,0
5161,1
23823,0
18175,1
13420,0
22637,1
12775,1
19063,1
7103,1
9163,0
8005,1
2958,0
18495,0
14006,0
14003,1
17116,1
35204,0
6255,1
26441,0
16564,1
4457,1
27745,1
6923,0
18002,1
34310,0
15513,0
612,0
26023,1
22234,0
26363,1
20996,1
16889,1
28713,0
36826,1
8374,0
5211,0
18559,1
33312,0
11542,1
20908,1
12399,0
31374,0
37456,0
4296,1
14169,0
11320,1
21174,1
14284,1
8340,0
33536,1
16782,0
2824,1
38925,0
31868,0
31083,1
12478,1
38938,1
1464,0
27247,0
22604,1
8992,0
1462,1
5678,0
33260,0
25881,0
16657,1
34794,1
14107,0
9870,1
27513,1
15480,1
7469,0
24078,0
22684,0
35930,0
27640,1
26466,1
37677,0
30191,0
15160,1
16340,0
15744,1
11004,1
16256,1
8885,1
17145,0
21602,1
32599,0
24652,1
18865,0
16460,1
10624,0
26593,0
14846,1
38997,1
22333,0
33233,0
32894,0
31739,1
3537,1
30099,1
35201,1
10745,1
4901,0
24835,1
6272,0
11114,1
39006,1
22295,0
5758,0
37906,0
36219,0
20102,1
13474,0
38798,1
28887,1
14022,1
25307,0
37812,1
12134,1
10707,1
6515,1
38136,1
23581,0
828,1
30345,0
9763,1
25910,1
9662,1
15436,1
26525,0
20409,1
4433,1
7265,1
36605,1
19294,1
2962,1
29510,1
30931,1
6619,1
13942,0
29698,1
29298,1
30583,1
12898,1
20428,1
27018,0
28466,1
7927,1
34673,1
14827,1
1396,1
33227,1
33895,0
3349,0
37986,0
1310,0
33630,0
2378,0
6749,0
5450,1
8936,1
5071,0
15863,0
4452,1
31625,0
29135,1
24546,1
37757,0
20243,0
17730,1
10182,0
2358,0
19159,1
8582,0
15736,0
8499,1
8852,1
35496,1
10999,1
5229,0
35182,0
32012,0
2749,0
21351,0
9777,1
15641,0
25530,1
4766,0
912,1
23218,1
22593,0
31250,0
32753,1
3663,1
30465,0
35818,1
34512,0
31711,1
35139,0
37472,1
36094,0
31971,1
10672,1
15461,1
21691,0
31553,1
32976,1
7092,0
14807,1
38532,0
34193,0
7490,1
27050,1
27876,0
9794,0
3422,1
7043,0
29528,1
15456,1
28864,1
8976,1
31002,0
14702,1
8057,1
31315,0
27433,1
8299,1
21097,1
16149,1
4378,1
14298,1
18291,1
39165,1
27,1
19128,1
27821,1
16192,0
2569,1
7066,0
1189,1
8444,1
3627,1
1425,1
16608,0
25620,1
17274,0
39067,1
13480,1
34224,1
4756,1
30221,0
10499,0
19633,0
33770,1
12796,1
18418,0
26325,1
17746,0
15418,0
29026,1
5066,0
30986,1
5806,0
10045,0
4287,1
21046,1
10383,0
27209,0
12173,1
18520,1
30241,1
16486,1
12783,0
32176,1
5135,1
20865,1
1874,1
35431,0
18112,1
3871,1
10781,1
30421,1
22070,0
19368,1
10183,0
19672,0
27177,1
14085,0
20894,0
13138,1
20849,1
27494,1
18778,0
10530,0
4608,0
5983,0
20298,0
28275,0
11534,0
25557,0
34053,0
24704,0
8368,1
7853,0
26136,1
13495,0
32122,1
7107,0
16534,0
6926,0
16470,1
14731,0
5633,1
10512,0
34986,0
9430,0
35450,0
23298,0
16496,0
33417,1
11399,0
9442,1
34916,0
20413,0
3105,0
29102,1
33013,0
16397,1
37452,0
16805,0
27779,0
33184,0
13382,0
3914,1
34652,0
6339,0
798,0
15920,0
24256,0
1252,0
17943,0
7572,0
27286,0
22509,1
30259,0
8862,0
26413,0
26267,0
32825,0
27225,1
35010,0
20939,1
164,0
16981,1
32462,1
20764,0
31500,0
35882,1
2979,0
23392,0
22912,0
27963,0
23603,1
5345,0
7349,1
7274,0
37987,0
30860,0
15907,0
23951,1
24952,0
20706,1
23767,0
16434,1
25602,0
11781,0
30300,1
20048,0
25470,0
19612,1
19170,1
36642,0
31655,0
11307,1
6139,0
11853,0
18387,0
15325,0
28373,1
37301,0
535,0
6104,1
12954,0
2707,0
18524,1
21761,0
8612,0
9081,0
11918,0
4037,0
14244,0
4189,0
20596,1
7192,0
34232,1
36386,0
18743,1
8055,0
2064,1
21441,0
22640,0
39057,1
17407,0
3427,0
36924,0
12565,1
15545,0
3800,0
18961,0
4747,0
23123,1
31508,0
27789,0
20098,0
14933,0
21647,0
11949,0
34364,1
13846,0
17215,0
12131,0
24169,1
36287,0
6685,0
29007,0
28396,0
6488,0
25122,0
10163,0
10854,0
27075,0
22649,0
36557,0
2264,0
1927,1
10797,0
24471,0
22385,0
306,1
26423,0
25334,0
33755,0
28924,1
5164,0
23551,0
39050,0
34131,0
12306,0
18666,0
39053,0
21411,0
38988,0
19641,0
9643,0
24951,1
21363,0
18985,1
5386,0
21895,0
24880,1
24310,0
37731,0
23335,1
29925,0
19165,0
37821,0
27214,0
7704,0
34076,0
1351,0
10623,1
36475,0
31948,0
31484,0
15925,0
30482,1
11495,1
35335,0
12683,0
3044,0
18499,0
14146,0
4222,0
10116,1
5383,1
31277,0
8883,0
6664,1
31945,1
8212,0
29651,0
38838,1
31707,0
32175,0
30368,0
36099,0
28188,0
31213,0
24362,0
1359,1
36717,0
14508,0
820,0
1670,0
4916,0
16954,0
34157,1
7479,0
19360,1
17410,0
15522,0
20402,0
30732,0
8972,0
17083,0
28992,0
2186,0
27387,0
36851,1
31910,0
4413,0
22428,0
16371,0
8605,1
18888,1
21323,0
7139,0
9702,0
2276,0
6345,0
25634,1
29248,1
30461,0
20976,0
24662,0
14613,0
33902,0
37208,0
22557,1
27735,0
32530,0
12496,0
33953,0
22092,1
8371,0
11786,0
36343,0
11815,1
15163,0
32853,1
23353,0
27811,0
20469,0
4612,0
31386,1
32905,1
13754,0
12253,0
193,0
38438,0
5107,0
19395,0
32409,0
12053,0
37250,1
15011,0
13522,0
11270,0
15569,1
37741,1
19087,1
17033,0
32254,0
13479,0
12764,0
4309,1
34771,0
8858,1
21640,0
30864,0
28703,0
37289,0
25353,1
1376,0
27924,0
24326,1
19045,0
2197,1
31546,0
30382,0
22754,0
13557,1
13618,0
14111,0
32424,1
4106,0
1102,0
19403,0
29502,1
16670,1
27663,0
29842,0
9261,0
3790,0
38341,0
24857,0
20834,0
21201,1
35676,0
25740,0
15121,0
5756,1
36192,1
3959,0
7185,0
11515,1
27051,1
35032,0
23095,1
21498,0
20209,0
26244,1
36449,0
16206,0
30031,0
34761,0
37612,1
19559,1
16320,0
29916,1
11616,1
26278,1
34417,0
11645,0
32013,1
11975,1
20238,0
23352,1
21674,1
30531,1
27549,0
7669,0
25893,0
23596,1
13328,0
19057,1
5740,0
31222,1
27001,0
23857,0
7862,0
5431,1
12838,0
4236,1
36985,1
10365,0
36901,1
32366,1
21481,0
32552,1
38141,1
9799,1
19977,0
8393,0
26300,1
23876,1
959,0
3977,1
23784,0
34647,1
19909,0
28389,1
22066,1
33559,1
8163,1
16903,1
23914,1
4831,1
24051,1
25153,0
5736,1
13804,1
8847,0
25666,0
39299,0
36150,0
19075,0
28136,1
35295,1
19498,1
38582,0
8610,0
15094,0
25125,0
29473,0
11436,0
9322,0
25132,1
7087,1
15148,0
12661,0
36729,1
33669,1
33253,1
11126,1
5481,1
20022,0
3071,1
22524,0
3484,0
13412,1
17663,1
29213,1
29394,0
27936,1
20379,1
26994,1
10075,1
16779,0
29629,0
31540,1
25982,1
14740,0
37643,1
25781,0
12290,0
7236,0
21365,1
13464,1
22346,1
27916,1
17095,0
23334,1
13840,1
21392,1
19024,1
34117,1
6223,1
22046,1
4484,0
2649,0
26686,1
11725,0
7500,1
2762,0
6979,1
6556,0
25058,1
18963,1
26446,1
35001,1
25541,0
287,0
35649,1
6303,1
3994,1
18209,0
38464,0
13741,1
28701,1
37818,0
22360,1
13244,0
12447,1
8342,1
4711,1
25606,1
19355,1
23769,0
36930,1
33277,1
24172,1
7653,1
11102,1
37618,1
7127,1
34270,1
22378,1
36470,1
1693,1
7530,1
21945,0
15915,1
9195,0
31620,1
11961,1
33039,1
22990,0
22083,0
35615,1
22293,0
8121,0
17125,0
5717,1
6836,0
30620,1
4039,0
35844,1
23787,1
25276,0
33576,0
24464,1
13154,0
26263,1
30701,1
38106,1
8745,1
17884,0
21948,0
2621,0
8886,1
20505,1
2382,0
3863,0
11593,1
34169,0
30969,1
13868,1
3175,0
14193,0
36939,1
5812,0
14458,1
25488,0
31416,0
16423,1
23747,1
21732,0
2780,1
26906,0
547,0
4732,0
15371,0
30378,0
38990,0
10186,1
3471,1
38606,1
11446,0
34979,0
7382,1
17690,0
12534,1
6691,0
23812,1
25986,1
21763,1
24828,1
12619,1
554,1
38700,0
15857,1
28426,0
17782,0
4971,1
1250,1
32938,1
11842,1
13184,1
25534,0
15009,1
3172,1
10230,1
29784,0
2295,1
36266,0
21680,0
12472,1
8092,1
5018,1
26768,1
36888,0
2352,0
28845,0
25366,0
21454,1
28937,0
37690,1
25047,1
4992,0
39036,0
37237,0
22918,0
34233,1
15019,1
871,1
3389,1
11285,1
9306,0
5885,0
29019,0
2184,0
22181,0
30509,1
4655,0
8764,0
834,0
31427,1
8928,0
31452,1
7449,1
36824,0
8063,0
12520,1
771,0
31593,1
28802,1
8519,0
13649,0
31698,1
31007,0
23949,0
11594,0
12408,1
19299,1
33309,0
35823,0
31925,0
12119,1
29786,0
497,0
11546,0
31796,1
8875,1
37002,0
17402,1
17430,0
32027,1
33920,1
24757,1
4215,1
34553,1
3323,0
12536,1
3102,1
18675,1
30176,1
30228,1
32982,0
4686,0
35590,1
21514,1
9255,1
9696,0
33598,1
16223,0
30044,1
38653,1
27905,0
1395,1
11149,0
29224,1
8166,0
23021,0
17481,0
20343,1
7502,0
4967,1
28194,0
37145,1
38858,1
38052,1
38214,1
32765,1
10982,1
330,0
38818,0
15157,1
4811,1
18661,1
14600,0
38721,0
28155,1
11905,1
12604,1
30920,1
16841,1
35679,0
37190,0
15802,0
18934,1
10872,1
21452,1
35339,0
13081,1
12174,1
35541,1
11754,0
5011,0
12102,0
3978,1
4952,0
24195,1
3970,1
25876,0
3063,1
21723,0
6668,1
36667,0
26425,1
11090,1
21509,0
14262,1
30979,1
37242,1
13695,0
25510,1
1720,1
10056,1
37544,0
3067,1
22589,1
24655,0
22673,0
38115,0
15839,1
35929,1
16091,0
21052,0
19101,0
24023,0
31152,1
32942,1
21646,1
37169,0
9247,1
7666,0
13690,0
22148,1
29668,0
12857,1
8782,0
33803,1
20381,1
9929,0
22289,1
33355,1
35216,0
20138,0
34879,0
28983,1
15843,1
16838,0
27954,0
6277,1
14316,0
14935,1
4932,1
20759,1
31446,0
10615,1
35177,0
1685,1
30006,1
20457,1
26791,1
10358,1
14665,0
18080,1
27007,0
36541,0
35134,0
8718,0
5664,0
17399,1
1480,0
8172,1
33561,1
17856,1
29466,1
22140,0
34465,1
23661,1
3339,0
37991,0
20763,1
7889,1
8777,0
12041,0
15331,0
39258,0
30505,0
29471,0
11880,0
35446,0
17309,1
28116,1
30036,1
23714,1
1997,0
7083,0
9387,1
10679,1
31320,1
14998,1
50,0
22426,1
17307,1
29234,1
28798,1
17993,0
33605,1
608,1
16066,1
24277,1
39086,1
25430,1
32941,1
30396,1
17540,1
17121,1
36794,1
20658,1
23278,1
28935,1
35693,1
12107,0
7177,0
24705,0
26321,1
1849,1
28805,0
19901,0
19107,1
18177,1
13306,0
33509,0
9119,1
28835,1
24877,1
25415,1
2717,0
38846,0
3195,0
28909,0
38121,0
15149,0
18861,0
10035,0
24095,1
27747,1
34830,1
7332,1
8930,1
28173,0
11577,1
24072,1
20388,1
8821,1
36875,1
25356,1
12987,0
12788,1
1233,1
19025,0
8265,1
28347,1
4526,1
38961,1
14249,1
11148,1
32985,1
3786,0
16370,1
6130,1
7209,0
34912,1
7547,1
17300,0
16905,1
1877,1
21060,1
29748,1
14747,1
19069,0
6902,1
24462,1
19914,1
9205,0
6503,1
18691,1
5168,1
12284,1
6552,1
35238,0
30924,0
7768,1
13946,0
22576,1
18224,1
32289,1
17047,0
30329,1
28587,1
37212,1
13726,0
16800,1
5407,0
11235,0
10279,1
30223,0
1539,1
27971,0
2980,0
32992,1
13140,0
31603,0
18510,1
10390,1
31596,1
12038,0
15494,1
23938,1
28010,0
15990,0
12990,0
20731,0
13883,1
22884,0
7263,1
32666,1
4671,1
34306,1
34989,0
19576,1
11010,0
38257,0
17250,1
7663,0
15327,0
32228,1
9378,1
1314,0
4934,1
15312,1
28075,1
30932,1
22739,1
7899,1
13517,1
24335,1
22095,1
10795,0
33167,1
35507,1
9563,0
33947,1
24435,1
17460,1
16281,1
32296,1
16011,0
4468,1
15083,0
25200,1
1286,1
6644,1
32340,1
19971,0
9422,0
13031,0
15501,1
13273,1
15230,1
24488,1
33150,0
13550,1
8765,1
5291,1
1058,1
10715,0
10296,0
5571,1
6624,1
12980,0
26101,0
5473,1
14851,0
38028,1
3777,0
36465,1
22881,1
20119,1
31470,1
24736,1
27336,1
36708,1
11617,0
24003,1
32549,1
34033,1
36887,0
14510,0
19607,1
1389,0
17980,0
7330,0
29664,0
37227,0
2964,1
26374,0
16167,0
18253,1
3045,1
12654,1
25835,1
26226,0
14655,1
20776,0
24130,0
34025,1
14200,0
32412,1
22616,0
15439,0
34778,1
3720,0
3657,1
17203,1
29358,1
22212,1
15109,1
7135,1
29313,1
30652,0
32690,1
18792,1
15462,1
7772,0
26264,1
23170,0
24290,1
33818,1
28499,0
35386,0
15550,1
28454,1
17868,0
10295,0
20493,1
20698,1
33688,1
30961,1
16583,1
2931,1
7794,0
29189,0
16481,1
33928,0
34342,1
28355,1
33231,0
23557,1
3635,0
5549,1
9742,1
5295,0
38226,1
18477,1
32288,0
8035,1
23520,0
8068,1
26908,0
34070,1
7499,1
7929,1
1935,0
9604,1
492,1
874,1
4541,1
8282,1
3880,0
4127,1
12768,0
12364,1
32818,0
23076,0
31648,1
3386,0
21669,0
36328,0
31634,1
36416,0
16175,1
22861,1
14232,1
2324,1
18288,1
2774,0
4385,1
18563,1
8832,1
12325,0
38613,0
17287,0
29911,1
30974,0
15679,1
2165,1
1073,0
38820,0
18230,1
11669,0
25286,1
18998,1
23410,1
29371,1
3310,1
7774,0
30787,1
20648,1
37020,0
16145,0
28125,1
2593,1
30444,1
8894,1
28390,1
23856,1
15593,0
438,0
1214,0
4748,0
850,0
21438,0
21312,0
23817,1
16899,1
20410,0
21255,1
28889,0
255,1
5761,0
7369,1
25784,1
10215,0
21462,0
36459,1
27941,0
34367,0
32760,1
12621,1
27062,0
6347,1
19236,1
38853,1
7041,0
3190,1
26980,0
2513,1
18129,1
12588,1
8436,1
33241,1
38488,1
38507,1
38855,0
32969,0
35716,1
3180,0
14067,1
36235,1
11391,1
112,0
14739,1
32906,1
14895,0
15453,1
30542,1
818,1
34866,1
20357,1
21899,1
36385,1
13360,0
29961,1
6383,1
38567,0
31401,1
22847,0
2501,0
35809,1
15511,1
28009,0
3517,1
24429,1
37756,1
23626,1
18363,1
18854,1
37241,0
21814,1
25946,1
29628,1
36026,1
13093,0
17563,0
10317,1
23590,1
18595,1
11051,1
5636,1
19887,1
11059,1
34919,1
1104,1
18602,1
14925,0
282,1
1202,1
34264,1
30089,0
11370,1
26081,1
3314,0
16584,1
431,1
18278,1
14726,0
11752,0
7475,0
12394,1
17193,1
22463,0
32285,1
13167,0
30357,1
14334,1
33778,1
8694,0
22917,1
34918,1
35114,0
21778,1
15346,1
8537,0
33515,0
8074,0
720,0
10629,1
17454,1
16904,1
31959,1
11466,1
8786,0
37214,1
22400,0
3425,1
24286,1
9257,1
24419,1
27662,0
37903,0
34966,0
30910,1
23986,1
24694,0
24076,1
36536,0
5653,1
19131,1
7118,1
36860,1
11931,1
17135,1
8812,1
27626,1
14239,0
32506,0
33198,1
14926,1
18513,1
36989,0
17478,0
7677,1
12223,1
584,1
13956,1
1972,1
16521,0
24245,0
2346,0
22419,1
26936,1
16755,1
1328,1
12752,0
21983,0
4850,1
32103,0
20723,1
34038,1
28871,0
17187,1
35977,0
7251,0
35289,0
14657,1
7605,0
19228,1
2082,0
6455,0
3541,0
3317,0
6003,0
15006,1
18324,0
5903,0
15103,0
11365,0
38512,0
14609,1
17094,0
6215,0
1195,0
10324,1
8462,1
7271,0
36310,0
3893,0
35555,0
17376,0
31806,1
1590,1
27527,0
35421,0
5744,0
5363,1
18683,0
15535,0
13652,0
1532,0
7460,1
25242,0
30279,0
33945,0
31909,0
35331,1
15847,0
39309,0
1957,0
19402,1
12839,0
24849,0
7450,0
6922,0
19207,0
4324,0
21576,0
36371,0
26038,0
34688,1
37928,0
34930,1
18333,1
28870,0
34370,0
30867,1
10708,0
34533,0
22983,0
1116,0
23260,0
25388,1
27973,1
37768,1
20778,0
7569,0
5065,1
9526,1
3715,0
19721,0
24672,1
31953,0
15895,1
21167,0
3721,0
7394,1
8459,0
17670,0
14273,0
36699,0
21734,0
28020,0
18310,0
21333,0
1467,0
19137,0
29772,0
32788,1
16347,1
8640,0
19273,0
5448,1
3309,0
33210,0
4076,0
23485,0
1491,0
30667,0
35392,0
9222,1
2229,0
11482,0
3869,0
30922,0
20753,0
31356,0
3982,1
26212,0
38562,0
36411,1
15825,0
16622,0
1051,0
31133,0
24469,0
25297,0
14125,1
17276,1
22310,1
17175,0
17539,1
27961,1
37909,1
9863,0
2323,0
31635,0
30278,0
1265,0
8983,0
34514,0
33200,1
37635,0
4673,1
35651,1
12873,1
18902,0
11349,0
1678,0
7434,1
2974,0
25699,0
24202,0
14163,0
22078,1
3378,0
9372,1
36281,0
25018,0
39253,1
21991,1
14212,0
23205,0
32403,1
33507,0
26506,0
21287,0
14538,0
6883,0
14234,0
30591,0
25009,0
14137,1
33448,1
16392,0
5063,1
35315,0
15770,0
14144,0
20833,0
32817,0
36997,0
6064,0
19605,1
5714,0
30454,0
16607,0
11992,1
36771,0
29003,1
19158,0
15680,0
1135,0
33925,1
15502,0
3054,0
8844,0
20709,0
21021,0
20178,0
11636,0
14736,1
27372,0
33142,0
13275,0
19267,0
27246,1
15718,0
5182,1
35413,0
8714,0
25321,0
8932,0
537,0
23455,0
17040,0
7252,0
17689,0
17975,0
31147,0
25762,0
17144,0
5106,0
10083,1
9281,1
20884,0
8533,1
36029,0
22094,0
491,1
36387,0
9832,0
34161,0
21963,1
38465,0
11666,1
1533,0
26310,1
18079,1
32468,0
25531,0
23922,0
21152,0
21526,1
32808,0
37960,1
10007,0
21303,1
25490,1
38179,0
2370,0
14226,1
25642,0
27781,1
6519,0
27829,0
28622,0
18411,0
35654,1
25985,1
11371,0
32626,0
36892,0
7207,1
5962,0
24099,1
20023,0
14536,0
37648,1
9164,0
37822,0
18391,0
6769,0
32431,0
6170,1
25948,0
10355,0
37156,0
8627,1
16258,0
32714,0
31011,1
10931,0
31009,0
37377,0
34015,0
35252,0
27741,0
33800,1
11282,0
25838,0
1305,0
2568,0
2052,1
13393,0
12108,0
13983,0
3345,1
32521,0
29190,0
24468,0
38213,1
27987,0
25504,0
37252,0
28397,0
7886,0
33163,0
7606,1
2016,1
28382,0
25444,1
9157,0
37746,0
33332,1
32545,0
24240,0
28444,1
30950,1
32980,0
13061,0
15493,1
9108,0
19272,0
19204,0
1341,0
34350,0
32935,0
8117,0
13071,0
4290,0
27053,0
12564,0
11858,1
2299,0
30236,0
26348,0
5169,1
36938,0
26794,0
34809,0
6034,0
30800,0
11784,0
30631,0
33522,0
29267,1
19580,0
16007,1
4797,1
23297,0
10276,0
20737,0
32750,0
4336,0
34237,1
15507,0
26700,1
27089,0
5575,0
26696,1
7990,0
24442,0
15790,1
28712,1
22714,1
26352,0
23700,1
4665,0
27125,1
7725,0
16725,0
19844,1
28527,0
2819,0
6550,0
16786,0
28780,0
31066,1
33696,1
1861,0
12026,0
17674,1
34925,0
14352,1
4368,0
10046,1
6809,0
13600,0
2767,0
25753,0
9708,0
33518,1
32377,0
28957,1
4546,0
7008,0
32375,1
2700,0
37078,0
3983,0
26834,0
4360,0
10204,0
37398,0
683,0
741,1
37504,1
35945,0
36909,1
25792,1
17140,0
35957,0
11598,0
14931,0
11802,1
32841,0
13284,0
3848,0
20634,0
28338,0
12139,0
38480,0
33884,0
30162,0
9149,0
33747,0
23657,0
4554,0
27573,0
19531,1
18684,1
36127,0
38427,0
4267,0
30891,0
12005,0
5128,0
24049,0
38008,0
851,0
25323,1
33370,0
31997,0
11535,0
13806,1
25821,0
33682,0
13330,0
35107,0
7827,0
18374,0
27516,0
7305,0
5354,1
24898,0
9212,0
10372,0
4871,0
8595,1
17349,1
31038,0
3315,0
29162,1
7705,1
15033,1
13845,0
7684,1
29505,1
5931,1
13529,0
28153,1
30165,0
4128,1
1741,1
35819,1
860,1
29615,0
31720,1
13372,1
21658,1
38802,1
36566,1
18973,0
14724,1
25524,0
32212,1
22451,1
14599,1
38505,1
33900,0
19639,1
27862,0
15496,0
31387,0
15095,1
24842,1
31674,1
26804,1
25425,1
34356,0
12375,1
2456,0
6758,1
36286,1
39197,1
22170,0
15846,0
30862,1
17765,1
22292,1
37278,1
18122,0
34737,1
15097,0
23709,1
20821,0
27381,1
34478,1
11527,0
21147,0
28610,0
16364,0
31360,1
13022,0
525,1
16859,1
34166,0
21485,0
3525,1
31485,0
2399,1
199,1
17437,1
18843,1
435,0
30314,0
23059,0
6851,1
29362,0
5987,1
26683,1
36030,1
19043,1
14106,1
14883,1
11585,1
34468,1
32114,0
18788,1
8286,0
12319,0
32736,1
5474,0
30779,1
31006,1
11139,1
31329,1
5396,1
11214,1
8539,1
12742,0
32663,1
20450,1
7059,1
33792,0
24417,1
19058,0
3417,1
20946,1
26628,1
35015,0
24756,1
39222,1
5268,0
15982,1
18246,0
20012,1
22890,1
31155,1
1497,0
3049,1
5700,1
20553,1
29894,0
10082,0
37147,0
24640,1
19653,0
4160,1
37634,1
28922,1
34784,1
32737,1
28994,1
37155,0
22831,1
2941,0
30200,0
26432,1
4984,0
24571,0
31569,1
33396,1
31702,1
33292,1
1472,1
29934,1
29464,1
7888,0
455,0
36188,1
7319,1
17622,1
30170,0
26919,1
9922,1
30705,0
11653,1
2144,1
32149,1
35068,1
28213,1
26194,1
11450,0
6698,0
13210,0
31035,1
38827,0
24317,1
26140,1
19567,0
35509,1
36508,1
15714,0
3014,1
10864,0
19237,0
23863,1
35222,0
31094,1
33933,1
19643,1
20960,0
6305,1
3632,1
15311,1
17643,1
38376,0
7072,1
22939,1
28569,1
21555,0
22668,0
21704,1
13699,0
35264,0
26556,1
14122,0
38929,0
30553,1
9444,1
35743,1
36731,1
32441,1
33967,1
4883,0
26205,0
10457,1
1110,0
2228,1
7942,1
32716,1
18547,1
13346,1
14362,1
38711,1
10841,1
34407,1
27708,1
18073,1
2652,1
30248,1
2809,1
22701,0
592,1
3900,1
11694,0
13509,1
9891,1
23680,1
37495,1
29764,1
34354,0
16196,0
26552,0
4082,0
7561,0
10331,1
3271,1
6783,1
4798,1
18030,0
29802,1
14018,0
25130,1
1485,1
19386,0
21813,1
32172,1
2608,1
29543,1
32163,1
26779,1
29952,0
13024,1
29887,1
25435,1
13799,1
29972,1
5204,1
26165,1
32373,1
26604,1
15973,0
37559,1
19717,1
1111,0
32660,1
1303,0
8684,0
30034,1
14605,1
11516,0
13898,1
35715,1
1564,1
18900,1
8324,1
14528,1
2239,0
32914,1
10065,0
14103,1
23972,0
25014,1
23587,0
10340,1
15867,1
11428,1
8751,0
22268,1
29616,0
4500,0
13311,0
13272,1
8513,1
3364,0
32049,1
2768,1
37198,1
14000,0
20503,1
38317,0
1580,1
39168,1
27341,1
27383,0
17925,1
14364,1
3925,0
35212,1
28795,0
15865,0
34568,1
9078,1
18459,1
18469,1
9302,0
12103,1
18420,0
16662,0
5101,1
5113,1
8406,0
18406,1
18914,0
7818,1
38571,1
16140,1
25855,1
20376,0
3142,1
35202,1
14878,0
13335,0
27268,1
24045,0
29689,1
12610,1
20167,1
6390,1
4260,0
31686,1
37286,0
8296,1
34485,0
32683,1
27800,0
6024,1
11716,0
21007,0
9125,1
6596,0
26743,0
3571,1
3811,1
19645,1
20536,1
36615,0
30566,1
37567,0
22195,1
30873,1
30159,1
2648,0
39321,0
19517,0
29917,1
124,1
25773,1
32359,1
14158,0
13830,1
36864,1
35394,1
30819,1
34190,1
22011,1
7264,1
12227,1
12247,1
26025,0
8169,1
27074,1
88,1
18624,1
31897,1
15787,0
27013,1
19452,1
20133,1
2019,1
7007,0
23668,1
37021,1
34000,1
29389,1
12475,0
21367,1
13772,0
14977,1
38815,1
15065,1
18825,1
30808,0
5086,0
6202,1
7058,1
37835,1
22481,1
29361,1
32390,0
26049,1
30081,1
32930,1
23371,1
27287,1
21156,1
7529,0
9684,1
10774,1
21033,0
23138,1
29123,1
10336,1
1181,1
32235,1
31322,0
18873,0
17733,0
33482,1
24569,1
24595,1
29130,1
11178,0
14190,0
4866,0
6318,1
34907,0
26761,1
11682,0
1379,1
2965,1
16621,1
23285,1
32748,1
8597,1
8479,1
18242,1
1190,1
8510,0
13885,1
5467,1
37637,1
15075,1
19050,1
1801,1
29204,1
34967,1
27834,1
11226,1
9032,1
33955,0
17443,1
2330,1
26842,1
38270,1
5684,1
14015,1
30741,1
4839,0
28292,1
23650,1
22306,1
13314,1
8061,1
14502,1
2377,1
21703,1
15941,1
1283,1
36719,1
1430,1
36090,1
18536,1
26961,0
38716,1
16818,0
7855,1
35344,1
14185,1
26986,1
31004,1
5973,1
2482,0
25049,1
13383,1
10458,1
29697,1
445,1
11580,1
20039,0
32852,1
19367,1
11831,1
4019,1
18769,1
21002,1
29741,1
4754,1
36290,1
10224,1
19259,1
26781,1
19041,1
14805,0
34216,1
30576,1
29066,1
8233,1
5874,1
33944,1
7422,0
11286,0
29724,1
18250,1
24365,1
2202,1
24156,1
5933,0
9056,1
16342,1
8692,1
2927,1
12903,1
27621,1
1579,1
9575,1
17106,1
29555,1
1928,1
8213,1
18016,1
38749,1
27563,1
12443,1
2059,0
24108,1
21457,1
16934,1
9398,1
10481,1
34814,1
35898,1
30643,1
30169,1
24981,1
37411,1
21706,1
15108,1
7571,1
13978,1
2967,1
8201,1
23198,1
36988,0
37038,1
27211,0
28227,1
4182,1
21788,1
11589,1
7048,1
32078,0
24882,1
38908,1
34685,1
3991,1
7654,1
35683,0
26723,0
19197,1
27399,0
17359,1
33085,0
18715,1
13307,0
7691,0
18565,1
29767,1
27468,1
35596,1
36278,1
2445,1
20489,1
26434,1
3344,1
29067,1
17999,1
34845,0
26641,1
1134,1
27628,1
26092,1
27313,1
24515,1
29432,0
20173,0
12670,1
17452,1
6231,1
34697,1
36559,0
16761,1
2196,1
14462,1
33282,1
19365,1
27139,1
28380,0
19601,0
18733,1
31001,1
19545,1
2011,0
23415,1
29920,1
13300,1
27837,1
14430,1
26698,1
2331,1
38693,1
33763,1
2631,1
9610,1
6391,1
23378,0
2288,1
30105,1
26253,1
10887,1
10979,1
34509,1
36213,1
9389,1
16190,1
30664,1
26586,1
2737,1
34083,0
32961,1
5094,1
4203,1
14950,0
34304,0
9793,0
1129,0
38674,0
2591,0
38945,1
15995,0
36880,1
12648,1
4158,0
35253,0
12338,1
11200,0
37267,1
6514,0
38563,0
15430,0
35972,0
38625,0
6731,1
15614,1
86,1
32511,0
20429,0
11066,1
32882,0
32415,1
25817,0
22723,1
19804,1
39325,0
25518,1
34963,1
7060,1
536,1
239,1
13764,1
4365,0
22638,1
16000,1
29429,0
13152,0
31714,1
4168,0
18302,0
17303,0
7670,0
19896,0
27192,0
17282,1
15944,0
19468,0
20228,0
19867,0
15608,1
2559,0
473,0
11641,1
22123,0
10101,1
10158,0
20801,0
23293,0
5406,1
29328,0
22580,1
35878,1
23040,1
6607,0
10803,1
13911,1
28023,0
4120,1
9722,1
16279,1
16960,0
28809,1
13841,1
22743,0
24774,0
11359,1
37288,1
35871,1
4110,0
2411,1
34280,0
11165,0
29374,0
853,1
13211,1
17074,1
16282,0
33942,1
17320,1
22621,1
17362,1
26169,1
34606,0
17790,1
17798,0
9524,1
16872,1
19882,0
16393,1
10100,0
8687,0
25752,0
33943,1
17389,1
4254,0
17027,1
37201,1
33436,1
19148,0
13767,0
30295,1
15683,1
24135,0
37633,1
12083,1
20844,0
9178,0
38730,0
6080,0
1687,1
29257,1
28226,1
477,0
3371,1
1772,1
15698,1
691,0
18637,0
16637,0
30010,0
16714,0
38082,0
35101,0
22620,0
1774,1
14197,0
18629,1
25203,0
7613,1
13378,1
37433,0
15488,0
4507,0
21938,1
15404,1
29503,1
14934,1
36730,0
14790,0
24408,0
35503,0
26153,0
7385,1
15959,1
22785,1
13748,0
10961,1
6019,1
18836,1
7144,1
6,1
14240,1
19936,1
6825,0
21827,1
14519,1
36210,0
324,1
36565,0
35479,1
4718,1
26298,0
29153,0
20873,1
2903,0
23950,0
30619,0
23987,0
24252,0
35775,0
22108,1
2571,1
13291,0
14044,1
6444,1
17257,1
21434,1
5998,1
33513,1
24647,1
25551,0
14507,0
26317,0
24861,1
1138,1
32367,1
1570,0
20568,0
2757,1
4788,1
25672,1
3878,0
34674,1
25199,1
22107,0
26142,1
13703,1
22753,0
13564,0
26742,1
22522,1
12612,0
28674,1
8161,1
14205,0
16985,0
25103,1
2152,1
3155,0
31591,1
3771,0
29481,0
4184,1
35130,1
12289,0
35103,0
27504,1
24318,0
35234,1
16744,1
29489,0
38977,0
3038,0
4228,0
4493,1
31846,0
30754,1
9869,1
20162,0
6002,0
14174,0
10173,1
17069,1
29945,1
32067,0
17827,0
30735,1
32157,1
1280,1
11908,1
20025,0
23134,0
33379,1
26699,0
17242,1
10818,0
8661,0
24556,1
3585,1
826,0
3384,1
38264,0
34854,1
4987,1
13823,1
17253,1
35466,1
28792,1
20118,0
1194,0
35561,1
21804,0
25443,0
10954,1
28141,0
3129,0
8052,0
24134,0
27452,1
1257,1
10177,1
37727,0
17298,1
20460,0
27143,1
29506,0
1676,0
2122,0
35603,0
16968,0
17932,1
20944,1
34863,0
3103,0
12362,1
26138,1
24086,0
25025,1
22053,0
33708,1
26803,0
3658,1
19208,1
31068,1
23009,0
9218,1
14294,1
26649,1
25956,0
4802,0
13882,0
29215,0
26030,0
31970,1
6819,0
8721,0
6779,1
37174,0
8356,0
12618,0
5527,0
17661,0
13407,1
37540,1
8184,0
30627,0
30657,0
35529,0
12147,0
22034,0
35002,0
18723,0
20629,0
6044,0
19700,1
13975,0
27655,0
31019,1
27129,1
30783,0
28797,0
21867,1
22786,0
20297,0
30005,0
23508,0
9305,1
13146,0
27645,0
31347,0
31503,0
19784,0
3557,0
12378,0
23433,0
9190,0
5191,1
28491,0
29109,0
33238,0
24361,1
18573,0
2435,1
36008,0
1237,1
8807,1
369,0
27994,1
37696,1
4966,0
20319,1
17615,1
2326,0
359,1
31080,1
19145,0
17361,0
18197,0
10500,0
17010,1
5464,0
30942,0
30575,1
26806,0
8355,0
30011,0
27634,0
18431,0
36466,1
13341,1
31406,0
23250,1
4513,1
18344,0
58,0
11984,1
5202,1
17419,0
26401,1
5832,0
32576,0
22009,0
16688,0
11171,1
36596,0
21443,0
34766,0
14636,1
7712,1
34425,1
37166,0
27832,0
24061,0
17613,0
11758,0
25575,0
27542,0
12679,0
30786,0
12317,0
2886,1
27302,1
31538,0
14892,1
19130,1
27047,1
5546,1
3735,0
36903,1
27830,0
21442,1
29881,0
14848,0
5359,0
34261,0
1095,0
33377,0
33728,0
27487,0
25266,0
13264,0
15677,0
26409,1
15349,1
36166,0
37081,0
24794,0
17960,0
28698,0
25648,0
28993,0
28872,0
35082,0
10121,0
2023,0
712,0
25295,1
34014,0
3897,1
35138,0
37009,0
5536,1
5765,1
6983,0
28964,1
13610,1
23255,0
25219,1
17988,1
38808,1
3274,0
18904,1
36923,1
2994,0
5889,0
9646,0
14685,0
5995,0
33073,0
38311,0
20257,0
1004,0
10293,0
15268,0
21716,1
18186,0
22719,1
12170,0
10858,0
29443,1
4863,1
30133,0
28486,0
5045,0
6459,0
10608,0
25302,1
16303,1
29560,1
10460,0
23867,1
23744,0
5694,0
30737,0
4799,1
29068,1
38970,0
36842,0
36686,1
33368,0
2241,0
38202,0
33020,0
18147,0
30225,0
6850,1
23054,0
146,0
2808,0
5367,0
4618,0
29832,1
26721,0
12761,1
7730,0
11770,1
6211,0
2428,0
27467,0
1336,0
10857,0
2453,1
12807,1
11103,1
29470,0
175,0
28031,1
22386,0
38537,0
4258,1
27639,0
21855,0
32575,0
12265,0
2507,0
22539,0
16731,0
28281,0
13913,1
13822,0
13633,0
32171,1
7476,1
37967,1
26358,0
30245,1
2698,0
1146,0
28985,0
11563,0
28832,1
22277,0
10447,0
21374,0
20866,0
39163,0
22941,0
1728,0
29870,0
36245,1
25959,0
7911,0
23406,0
34982,1
11628,1
36207,1
667,1
26192,0
6973,1
38478,0
13279,1
22051,1
21493,1
7249,1
12524,0
27990,1
34591,1
26208,1
363,1
13313,0
852,1
3191,1
13181,1
6742,1
9897,1
34994,1
33530,1
28034,0
27521,1
10796,1
17228,1
2101,0
209,0
15902,1
15567,1
12942,0
3584,1
6948,1
18296,1
11946,0
12341,1
3881,1
32473,1
33351,0
16865,1
12975,1
14196,1
15824,1
20421,1
28353,1
8236,1
11117,1
822,1
31626,1
2396,1
539,1
846,0
5706,1
36206,1
3297,0
6091,1
2231,1
946,0
16195,0
32051,1
7979,1
24990,1
4809,1
28411,1
24711,1
13203,0
1654,1
20181,1
25156,1
38244,1
9537,1
17642,1
7575,1
9908,1
20622,1
5049,1
33862,1
1523,1
9098,1
10636,1
8767,1
7115,1
1713,1
21875,0
30966,1
31414,1
27428,1
17826,1
25622,1
30118,1
13332,1
6542,1
10095,1
21113,0
15670,1
8557,0
7702,1
15879,1
38439,1
21045,1
17347,1
7816,1
36962,1
30669,1
18947,1
20456,1
7937,1
17620,1
12072,0
2498,0
32948,1
7445,1
29818,1
22802,1
38832,0
5284,1
3302,1
14486,1
37257,1
36683,1
22921,1
26024,0
14908,0
20121,1
19118,1
29501,1
30734,1
27561,1
27090,1
22021,1
22660,1
6861,0
10360,1
266,1
22089,1
31656,1
16119,1
5088,1
24895,0
20279,0
22855,0
5446,1
28497,1
25027,0
10804,1
35085,1
26021,1
18377,1
30102,1
37813,1
2884,1
35790,1
9906,1
18022,1
24303,1
12422,1
27539,0
16529,1
38079,1
18009,0
29643,0
10437,1
34565,1
4590,1
32850,1
10661,0
28478,1
25788,1
23049,1
30251,1
27652,1
26463,0
1360,1
8320,1
28645,0
14772,0
37587,1
35584,1
22497,1
14134,1
34578,1
30457,1
29590,1
22462,1
38289,0
25026,0
20613,0
21971,0
21479,1
34579,1
17008,1
38422,1
13289,1
29206,1
18652,1
32612,1
29565,0
655,1
37684,1
30380,1
34219,1
8538,0
14635,0
9402,1
4795,1
34334,0
27008,0
3670,1
32559,0
27100,1
21024,1
476,1
32300,1
10261,1
33088,1
1700,1
9694,1
28965,1
39038,1
20196,1
30157,1
10805,1
33179,0
31611,1
24673,1
39206,1
35712,1
19813,0
14155,1
24500,1
14617,1
5521,1
9129,1
4143,1
24406,1
6066,1
24783,1
5189,1
30730,1
16089,1
36498,0
29455,1
36222,1
37491,0
35087,1
32777,1
29759,1
29897,1
12476,1
17058,1
11432,1
33222,1
30211,1
7843,1
23693,1
27674,1
32328,1
31836,1
18107,1
33860,1
15950,1
24878,1
14732,1
18237,0
16373,1
29749,1
16289,1
23686,1
1269,0
12184,1
7788,1
33098,1
37016,0
34418,1
15729,1
2683,1
36967,1
8247,1
32349,1
32497,1
14180,0
18314,0
4240,1
32385,0
11397,0
24302,1
32770,1
37553,1
28146,0
20248,1
28302,1
14025,0
8843,0
7925,0
8267,1
26179,1
15407,1
11406,1
17972,1
37836,1
18668,1
7223,1
6457,0
21896,1
7960,1
31333,0
32351,1
19000,0
16746,0
1910,0
33101,1
20322,1
15111,0
7228,1
16719,1
18264,1
15101,0
32981,1
27345,1
15572,1
32206,1
36390,1
14098,1
26643,1
24703,1
36311,1
33230,1
813,0
8555,0
27356,1
30586,1
12076,0
37505,1
20529,0
21791,1
9467,1
8366,1
12021,0
35337,0
4101,1
32732,0
38392,0
10359,1
1974,1
34331,1
4434,0
21825,1
4509,0
33786,1
3087,1
13878,0
16758,0
27037,0
32944,0
18144,1
2728,0
34290,0
8492,0
16763,1
28406,1
12181,0
4614,1
12492,0
27173,1
32759,0
19670,1
31991,0
4728,0
2182,0
17928,1
36822,0
31376,0
24920,1
18269,1
19767,1
8738,0
3610,0
36982,1
599,0
36359,1
3141,1
31736,0
30695,1
898,0
2978,1
28251,1
38412,1
23531,1
12521,1
32919,0
27473,0
1594,0
29040,0
12804,0
36121,1
16677,1
978,1
22908,0
39049,0
27919,0
576,0
20372,0
20109,1
8095,0
38807,1
27477,1
36603,1
39133,0
10826,0
9415,1
34381,0
37736,1
24725,1
38574,1
36666,1
35067,1
28613,0
35121,1
5528,1
25746,0
5588,1
10169,0
14229,0
5840,1
16914,0
11639,0
26796,1
15401,0
24478,1
27582,0
36775,0
2505,1
12059,1
17811,0
37627,1
38254,0
11599,1
16071,0
15062,0
23282,0
17835,0
33469,0
22131,0
24781,0
29261,1
13389,0
38155,0
7157,1
4724,1
24695,0
14392,0
28628,0
15220,1
22437,1
22196,0
7724,0
33839,1
32204,1
7871,0
17923,0
21821,0
16502,0
19036,0
15044,0
7049,0
12811,0
38547,1
25459,1
37939,0
13611,1
33318,0
12594,1
37132,1
19351,1
29279,0
31369,1
2632,1
18768,0
9664,0
12196,0
4012,1
8810,0
5797,0
6950,1
2353,0
16522,1
24357,1
6250,1
37552,1
19398,0
2149,0
9062,1
17533,1
20857,0
19674,1
1397,0
4683,1
38829,1
8427,0
32735,1
32849,1
7373,0
32537,1
25645,0
34816,0
27586,1
13691,1
16003,1
14652,1
9889,1
32526,1
27839,1
31199,1
25147,1
37636,0
6537,0
9154,0
1852,1
17143,0
31424,1
25082,0
19650,1
900,0
20398,0
23771,1
9943,0
19591,0
26079,1
6413,1
2526,0
14308,0
9219,0
31352,0
16631,0
20936,1
15030,0
16247,1
14762,0
16131,0
13759,1
22272,1
11855,0
32434,0
16188,1
11706,0
39196,1
30686,0
24670,1
9278,1
37337,1
17271,0
2558,0
22449,0
4598,1
38019,1
26362,1
38230,1
19092,1
36836,0
14469,1
36839,1
14746,0
16575,0
34050,1
28853,1
17018,1
32570,1
6737,1
26411,0
15956,0
19070,1
31430,1
3876,1
20710,1
26015,1
12970,0
